date,annee,mois,trimestre,mois_label,produit,categorie,type_chimique,fournisseur,quantite_kg,prix_litre_eur,cout_total_eur,ph,ph_neutre,cov_g_par_l,charge_cov_g,dbo5_mg_par_l,biodegradabilite_pct,lc50_daphnie_mg_par_l,dose_utilisation_ml_par_l,score_env,segment_risque,ratio_cout_score,est_eco,ecolabel_eu,conforme_reach,nordic_swan
2021-01-01,2021,1,1,2021-01,Dégraissant solvant chloré,dégraissant,solvant,ChemPro,113.5,16.16,1834.16,6.5,True,115.16,13070.66,300.3,32.6,10.0,20.1,3.35,Risque élevé,4.824,False,False,False,False
2021-01-01,2021,1,1,2021-01,Dégraissant solvant chloré,dégraissant,solvant,IndustraNett,141.0,18.56,2616.96,8.7,False,130.27,18368.07,483.8,46.3,10.2,73.2,3.19,Risque élevé,5.818,False,False,False,False
2021-01-01,2021,1,1,2021-01,Mousse écologique certifiée,nettoyant multi,biosourcé,IndustraNett,154.9,9.02,1397.2,8.0,True,0.55,85.2,831.3,81.4,286.3,25.9,7.84,Faible risque,1.151,True,True,True,True
2021-01-01,2021,1,1,2021-01,Cire sol industrielle,entretien sol,solvant,ChemPro,471.7,35.86,16915.16,6.9,True,97.13,45816.22,337.9,40.7,12.1,32.8,3.97,Risque élevé,9.033,False,False,True,False
2021-01-01,2021,1,1,2021-01,Dégraissant solvant chloré,dégraissant,solvant,VerteChimie,258.6,33.27,8603.62,5.8,False,120.63,31194.92,383.5,23.0,9.6,11.4,2.77,Risque élevé,12.011,False,False,True,False
2021-01-01,2021,1,1,2021-01,Nettoyant inox écologique,nettoyant inox,biosourcé,IndustraNett,52.1,7.73,402.73,7.7,True,0.32,16.67,798.1,83.0,356.1,16.5,8.41,Faible risque,0.919,True,False,True,True
2021-01-01,2021,1,1,2021-01,Emulsion sol biosourcée,entretien sol,biosourcé,ChemPro,59.7,49.21,2937.84,7.8,True,0.35,20.9,718.4,98.6,101.8,70.1,7.32,Risque modéré,6.723,True,True,True,False
2021-02-01,2021,2,1,2021-02,Nettoyant acide biosourcé,détartrant,biosourcé,VerteChimie,469.6,23.36,10969.86,8.1,True,0.43,201.93,882.5,85.7,388.6,48.6,8.56,Faible risque,2.729,True,False,True,True
2021-02-01,2021,2,1,2021-02,Antirouille process,traitement surface,acide,ChemPro,331.8,9.87,3274.87,3.5,False,3.95,1310.61,124.5,39.8,61.5,23.1,4.43,Risque élevé,2.228,False,False,True,False
2021-02-01,2021,2,1,2021-02,Décapant sol enzymatique,décapant,enzymatique,ChemPro,72.6,42.04,3052.1,7.3,True,0.53,38.48,587.8,83.9,447.1,58.1,9.1,Faible risque,4.62,True,True,True,True
2021-02-01,2021,2,1,2021-02,Mousse nettoyante toutes surfaces,nettoyant multi,tensioactif,ChemPro,126.5,12.34,1561.01,5.4,False,6.32,799.48,444.8,44.5,85.2,17.8,5.27,Risque modéré,2.342,False,False,True,False
2021-02-01,2021,2,1,2021-02,Nettoyant HP vert dilution forte,nettoyant HP,biosourcé,VerteChimie,396.4,21.1,8364.04,7.7,True,0.37,146.67,797.6,90.0,453.0,26.7,9.2,Faible risque,2.293,True,False,True,False
2021-02-01,2021,2,1,2021-02,Nettoyant inox écologique,nettoyant inox,biosourcé,EcoClean,293.2,61.26,17961.43,7.4,True,0.38,111.42,646.9,76.6,240.6,78.5,7.61,Faible risque,8.05,True,False,True,False
2021-02-01,2021,2,1,2021-02,Désinfectant quaternaire QAC-50,désinfectant,ammonium quaternaire,IndustraNett,322.4,19.88,6409.31,7.5,True,21.9,7060.56,290.3,41.9,18.0,44.1,4.92,Risque élevé,4.041,False,False,True,False
2021-02-01,2021,2,1,2021-02,Nettoyant HP vert dilution forte,nettoyant HP,biosourcé,ChemPro,443.6,22.26,9874.54,7.2,True,0.5,221.8,835.5,76.6,342.6,58.5,8.29,Faible risque,2.685,True,True,True,True
2021-02-01,2021,2,1,2021-02,Emulsion sol biosourcée,entretien sol,biosourcé,ProHygiène,14.1,53.18,749.84,7.8,True,0.53,7.47,849.2,78.3,194.8,22.1,7.26,Risque modéré,7.325,True,True,True,True
2021-02-01,2021,2,1,2021-02,Désodorisant industriel masquant,désodorisant,synthétique,VerteChimie,41.0,27.48,1126.68,9.8,False,8.1,332.1,384.4,42.1,49.7,11.0,4.59,Risque élevé,5.987,False,False,True,False
2021-03-01,2021,3,1,2021-03,Nettoyant acide détartrant,détartrant,acide,ProHygiène,490.7,15.58,7645.11,3.1,False,6.69,3282.78,132.9,46.0,103.5,33.3,4.71,Risque élevé,3.308,False,False,True,False
2021-03-01,2021,3,1,2021-03,Décapant sol industriel,décapant,solvant,VerteChimie,339.8,29.33,9966.33,8.9,False,100.38,34109.12,221.9,60.2,13.1,49.0,3.96,Risque élevé,7.407,False,False,False,False
2021-04-01,2021,4,2,2021-04,Nettoyant inox écologique,nettoyant inox,biosourcé,ProHygiène,50.3,16.85,847.56,7.9,True,0.65,32.7,1027.3,94.6,331.5,14.0,8.54,Faible risque,1.973,True,False,True,True
2021-04-01,2021,4,2,2021-04,Emulsion sol biosourcée,entretien sol,biosourcé,ChemPro,219.8,15.99,3514.6,7.9,True,0.75,164.85,641.2,98.6,446.3,60.2,9.35,Faible risque,1.71,True,True,True,True
2021-04-01,2021,4,2,2021-04,Nettoyant inox écologique,nettoyant inox,biosourcé,ProHygiène,232.0,20.97,4865.04,7.2,True,0.47,109.04,806.6,84.3,350.4,49.2,8.56,Faible risque,2.45,True,False,True,False
2021-04-01,2021,4,2,2021-04,Antirouille process,traitement surface,acide,IndustraNett,393.7,42.64,16787.37,2.3,False,4.97,1956.69,163.5,36.8,64.2,6.4,3.98,Risque élevé,10.714,False,False,True,False
2021-04-01,2021,4,2,2021-04,Antirouille process,traitement surface,acide,ChemPro,165.2,37.01,6114.05,3.1,False,6.71,1108.49,95.6,20.3,99.7,33.1,3.92,Risque élevé,9.441,False,False,True,False
2021-04-01,2021,4,2,2021-04,Désinfectant quaternaire QAC-50,désinfectant,ammonium quaternaire,IndustraNett,183.4,6.99,1281.97,9.0,False,12.83,2353.02,234.5,44.6,27.6,13.0,4.72,Risque élevé,1.481,False,False,True,False
2021-04-01,2021,4,2,2021-04,Désinfectant quaternaire QAC-50,désinfectant,ammonium quaternaire,ChemPro,114.7,44.05,5052.54,8.1,True,13.82,1585.15,230.4,26.0,17.2,69.4,4.36,Risque élevé,10.103,False,False,True,False
2021-04-01,2021,4,2,2021-04,Antirouille process,traitement surface,acide,ProHygiène,319.1,17.66,5635.31,2.0,False,7.84,2501.74,116.9,24.2,58.9,16.6,3.44,Risque élevé,5.134,False,False,True,False
2021-04-01,2021,4,2,2021-04,Désinfectant peroxyde EcoPur,désinfectant,peroxyde,ChemPro,137.7,15.91,2190.81,7.9,True,0.39,53.7,780.6,80.2,612.1,45.1,9.12,Faible risque,1.745,True,False,True,True
2021-04-01,2021,4,2,2021-04,Désodorisant industriel masquant,désodorisant,synthétique,EcoClean,201.5,17.4,3506.1,8.1,True,7.99,1609.98,268.9,45.2,59.0,56.8,5.26,Risque modéré,3.308,False,False,True,False
2021-04-01,2021,4,2,2021-04,Désodorisant industriel masquant,désodorisant,synthétique,EcoClean,18.1,25.42,460.1,7.3,True,6.9,124.89,426.8,22.2,80.0,52.7,4.96,Risque élevé,5.125,False,False,True,False
2021-04-01,2021,4,2,2021-04,Décapant sol industriel,décapant,solvant,ProHygiène,237.4,14.93,3544.38,9.7,False,141.65,33627.71,489.5,57.1,6.2,7.0,3.03,Risque élevé,4.927,False,False,False,False
2021-04-01,2021,4,2,2021-04,Emulsion sol biosourcée,entretien sol,biosourcé,VerteChimie,47.1,20.14,948.59,7.2,True,0.4,18.84,893.4,75.6,334.7,40.0,8.21,Faible risque,2.453,True,False,True,True
2021-05-01,2021,5,2,2021-05,Désodorisant industriel masquant,désodorisant,synthétique,VerteChimie,362.6,30.93,11215.22,7.4,True,8.63,3129.24,354.1,39.5,111.2,72.7,5.61,Risque modéré,5.513,False,False,True,False
2021-05-01,2021,5,2,2021-05,Mousse écologique certifiée,nettoyant multi,biosourcé,VerteChimie,412.5,29.09,11999.62,7.2,True,0.58,239.25,490.6,78.5,602.7,67.5,9.29,Faible risque,3.131,True,True,True,True
2021-05-01,2021,5,2,2021-05,Décapant sol industriel,décapant,solvant,ProHygiène,383.9,4.43,1700.68,9.1,False,133.32,51181.55,304.3,40.8,10.9,42.2,2.87,Risque élevé,1.544,False,False,False,False
2021-05-01,2021,5,2,2021-05,Cire sol industrielle,entretien sol,solvant,EcoClean,448.4,44.17,19805.83,7.5,True,104.47,46844.35,359.3,39.8,8.7,74.8,3.7,Risque élevé,11.938,False,False,False,False
2021-05-01,2021,5,2,2021-05,Antirouille process,traitement surface,acide,IndustraNett,369.4,40.32,14894.21,2.5,False,11.97,4421.72,129.0,60.6,63.0,42.1,4.65,Risque élevé,8.671,False,False,True,False
2021-05-01,2021,5,2,2021-05,Mousse nettoyante toutes surfaces,nettoyant multi,tensioactif,VerteChimie,392.0,42.62,16707.04,9.4,False,7.17,2810.64,307.4,32.5,89.2,16.3,4.68,Risque élevé,9.107,False,False,True,False
2021-05-01,2021,5,2,2021-05,Cire sol industrielle,entretien sol,solvant,ChemPro,212.3,41.63,8838.05,7.6,True,145.74,30940.6,292.0,46.8,8.0,27.0,3.32,Risque élevé,12.539,False,False,False,False
2021-05-01,2021,5,2,2021-05,Mousse écologique certifiée,nettoyant multi,biosourcé,VerteChimie,399.2,38.74,15465.01,7.5,True,0.51,203.59,838.9,97.9,359.4,70.5,8.93,Faible risque,4.338,True,True,True,False
2021-06-01,2021,6,2,2021-06,Dégraissant solvant chloré,dégraissant,solvant,ChemPro,30.7,7.78,238.85,5.2,False,121.13,3718.69,414.4,62.8,9.3,54.3,3.77,Risque élevé,2.064,False,False,True,False
2021-06-01,2021,6,2,2021-06,Désodorisant enzymatique,désodorisant,enzymatique,ProHygiène,440.2,48.0,21129.6,8.5,True,0.66,290.53,775.0,93.6,557.0,63.4,9.34,Faible risque,5.139,True,False,True,False
2021-06-01,2021,6,2,2021-06,Désinfectant peroxyde EcoPur,désinfectant,peroxyde,ProHygiène,79.1,51.5,4073.65,6.9,True,0.36,28.48,938.2,96.6,469.6,30.9,9.68,Faible risque,5.32,True,True,True,True
2021-06-01,2021,6,2,2021-06,Décapant sol industriel,décapant,solvant,ProHygiène,467.2,26.76,12502.27,6.4,False,146.45,68421.44,277.4,49.1,7.5,30.3,3.38,Risque élevé,7.917,False,False,False,False
2021-06-01,2021,6,2,2021-06,Désinfectant quaternaire QAC-50,désinfectant,ammonium quaternaire,VerteChimie,24.9,43.76,1089.62,9.7,False,7.59,188.99,171.7,59.4,31.7,11.7,5.04,Risque modéré,8.683,False,False,True,False
2021-06-01,2021,6,2,2021-06,Mousse écologique certifiée,nettoyant multi,biosourcé,IndustraNett,154.9,52.87,8189.56,8.3,True,0.41,63.51,894.6,88.1,639.0,54.7,9.24,Faible risque,5.722,True,True,True,False
2021-06-01,2021,6,2,2021-06,Décapant sol industriel,décapant,solvant,ChemPro,317.6,11.16,3544.42,8.8,False,118.83,37740.41,365.6,50.6,11.6,70.0,3.45,Risque élevé,3.235,False,False,False,False
2021-07-01,2021,7,3,2021-07,Nettoyant acide détartrant,détartrant,acide,ChemPro,139.7,7.69,1074.29,2.5,False,7.15,998.86,84.4,34.6,74.5,70.9,4.01,Risque élevé,1.918,False,False,True,False
2021-07-01,2021,7,3,2021-07,Nettoyant acide détartrant,détartrant,acide,EcoClean,155.0,34.03,5274.65,2.3,False,6.54,1013.7,95.4,20.1,96.3,20.0,3.65,Risque élevé,9.323,False,False,True,False
2021-07-01,2021,7,3,2021-07,Nettoyant acide biosourcé,détartrant,biosourcé,ProHygiène,39.4,6.5,256.1,7.6,True,0.37,14.58,1105.8,82.1,426.3,15.6,8.83,Faible risque,0.736,True,True,True,True
2021-07-01,2021,7,3,2021-07,Décapant sol enzymatique,décapant,enzymatique,IndustraNett,351.3,59.95,21060.44,8.0,True,0.51,179.16,680.2,84.9,241.5,65.2,7.68,Faible risque,7.806,True,False,True,True
2021-07-01,2021,7,3,2021-07,Nettoyant inox écologique,nettoyant inox,biosourcé,IndustraNett,48.1,6.45,310.24,7.2,True,0.47,22.61,895.3,83.1,514.0,61.3,9.43,Faible risque,0.684,True,False,True,False
2021-07-01,2021,7,3,2021-07,Dégraissant solvant chloré,dégraissant,solvant,VerteChimie,177.0,25.27,4472.79,7.3,True,170.18,30121.86,379.3,45.3,5.6,6.7,3.3,Risque élevé,7.658,False,False,False,False
2021-08-01,2021,8,3,2021-08,Nettoyant HP vert dilution forte,nettoyant HP,biosourcé,IndustraNett,13.3,52.51,698.38,7.5,True,0.49,6.52,663.8,80.3,544.0,67.6,9.25,Faible risque,5.677,True,True,True,False
2021-08-01,2021,8,3,2021-08,Antirouille process,traitement surface,acide,EcoClean,228.8,14.17,3242.1,3.3,False,8.26,1889.89,114.6,53.7,98.3,20.3,4.95,Risque élevé,2.863,False,False,True,False
2021-08-01,2021,8,3,2021-08,Antirouille process,traitement surface,acide,EcoClean,421.7,31.28,13190.78,1.7,False,5.94,2504.9,86.1,34.0,109.1,34.0,3.96,Risque élevé,7.899,False,False,True,False
2021-08-01,2021,8,3,2021-08,Dégraissant solvant chloré,dégraissant,solvant,ChemPro,218.0,4.97,1083.46,5.3,False,121.62,26513.16,282.3,40.7,9.0,62.9,3.13,Risque élevé,1.588,False,False,True,False
2021-08-01,2021,8,3,2021-08,Mousse écologique certifiée,nettoyant multi,biosourcé,ChemPro,210.3,62.87,13221.56,6.6,True,0.49,103.05,854.1,87.1,455.0,28.5,9.21,Faible risque,6.826,True,True,True,False
2021-08-01,2021,8,3,2021-08,Désinfectant quaternaire QAC-50,désinfectant,ammonium quaternaire,ProHygiène,111.4,27.51,3064.61,8.8,False,15.51,1727.81,246.5,38.7,19.0,25.9,4.51,Risque élevé,6.1,False,False,True,False
2021-08-01,2021,8,3,2021-08,Nettoyant HP vert dilution forte,nettoyant HP,biosourcé,IndustraNett,396.1,15.32,6068.25,6.6,True,0.46,182.21,851.9,93.5,353.8,79.0,8.8,Faible risque,1.741,True,False,True,True
2021-08-01,2021,8,3,2021-08,Désinfectant quaternaire QAC-50,désinfectant,ammonium quaternaire,ChemPro,6.4,34.1,218.24,8.3,True,10.83,69.31,189.7,47.0,7.0,76.1,4.91,Risque élevé,6.945,False,False,True,False
2021-08-01,2021,8,3,2021-08,Nettoyant acide biosourcé,détartrant,biosourcé,ChemPro,235.2,46.02,10823.9,8.2,True,0.57,134.06,1013.5,84.8,368.5,54.5,8.38,Faible risque,5.492,True,True,True,True
2021-08-01,2021,8,3,2021-08,Nettoyant haute pression concentré,nettoyant HP,alcalin,IndustraNett,398.7,4.54,1810.1,13.5,False,9.37,3735.82,339.9,37.1,84.4,18.0,3.49,Risque élevé,1.301,False,False,True,False
2021-09-01,2021,9,3,2021-09,Cire sol industrielle,entretien sol,solvant,EcoClean,241.7,28.64,6922.29,6.9,True,106.92,25842.56,392.5,25.5,11.1,18.0,3.38,Risque élevé,8.473,False,False,True,False
2021-09-01,2021,9,3,2021-09,Dégraissant biosourcé CitraClean,dégraissant,biosourcé,VerteChimie,264.5,40.15,10619.68,6.9,True,0.39,103.16,1006.1,92.6,349.3,45.3,8.84,Faible risque,4.542,True,False,True,False
2021-09-01,2021,9,3,2021-09,Cire sol industrielle,entretien sol,solvant,ChemPro,108.1,26.8,2897.08,10.0,False,134.26,14513.51,439.7,52.9,9.5,2.9,2.93,Risque élevé,9.147,False,False,False,False
2021-09-01,2021,9,3,2021-09,Nettoyant inox alimentaire,nettoyant inox,acide,ChemPro,336.3,42.66,14346.56,3.6,False,7.25,2438.18,137.2,54.4,90.7,68.9,5.03,Risque modéré,8.481,False,False,True,False
2021-09-01,2021,9,3,2021-09,Dégraissant biosourcé CitraClean,dégraissant,biosourcé,EcoClean,35.9,51.4,1845.26,7.2,True,0.64,22.98,765.0,97.6,567.2,63.9,9.86,Faible risque,5.213,True,True,True,False
2021-09-01,2021,9,3,2021-09,Nettoyant inox alimentaire,nettoyant inox,acide,ProHygiène,368.8,16.55,6103.64,2.7,False,8.53,3145.86,107.1,51.5,97.2,5.4,4.69,Risque élevé,3.529,False,False,True,False
2021-10-01,2021,10,4,2021-10,Nettoyant HP vert dilution forte,nettoyant HP,biosourcé,IndustraNett,99.2,55.86,5541.31,8.1,True,0.61,60.51,678.6,88.0,404.0,20.2,8.72,Faible risque,6.406,True,True,True,True
2021-10-01,2021,10,4,2021-10,Nettoyant acide biosourcé,détartrant,biosourcé,VerteChimie,433.0,41.94,18160.02,8.2,True,0.31,134.23,965.3,79.8,233.4,51.1,7.42,Risque modéré,5.652,True,True,True,False
2021-10-01,2021,10,4,2021-10,Cire sol industrielle,entretien sol,solvant,ChemPro,251.5,42.44,10673.66,5.3,False,76.66,19279.99,450.1,37.4,8.2,50.9,3.63,Risque élevé,11.691,False,False,False,False
2021-10-01,2021,10,4,2021-10,Désodorisant enzymatique,désodorisant,enzymatique,EcoClean,57.8,53.86,3113.11,7.6,True,0.4,23.12,519.2,95.2,385.1,14.6,8.98,Faible risque,5.998,True,True,True,False
2021-10-01,2021,10,4,2021-10,Décapant sol industriel,décapant,solvant,VerteChimie,83.8,37.64,3154.23,5.6,False,131.2,10994.56,385.5,61.3,9.5,64.0,3.72,Risque élevé,10.118,False,False,True,False
2021-10-01,2021,10,4,2021-10,Désodorisant industriel masquant,désodorisant,synthétique,ChemPro,343.1,41.08,14094.55,5.9,False,8.71,2988.4,386.1,48.5,91.4,20.4,5.55,Risque modéré,7.402,False,False,True,False
2021-10-01,2021,10,4,2021-10,Mousse nettoyante toutes surfaces,nettoyant multi,tensioactif,VerteChimie,195.8,39.76,7785.01,9.8,False,6.43,1258.99,395.4,34.7,69.1,30.7,4.51,Risque élevé,8.816,False,False,True,False
2021-10-01,2021,10,4,2021-10,Désinfectant quaternaire QAC-50,désinfectant,ammonium quaternaire,VerteChimie,94.8,32.06,3039.29,8.0,True,11.92,1130.02,223.6,38.6,27.5,32.5,4.86,Risque élevé,6.597,False,False,True,False
2021-10-01,2021,10,4,2021-10,Nettoyant acide biosourcé,détartrant,biosourcé,ProHygiène,375.3,35.35,13266.86,7.4,True,0.49,183.9,747.4,92.0,443.1,14.9,9.29,Faible risque,3.805,True,True,True,False
2021-10-01,2021,10,4,2021-10,Mousse nettoyante toutes surfaces,nettoyant multi,tensioactif,VerteChimie,160.4,38.01,6096.8,5.7,False,8.84,1417.94,237.5,25.9,58.4,40.1,4.61,Risque élevé,8.245,False,False,True,False
2021-10-01,2021,10,4,2021-10,Décapant sol enzymatique,décapant,enzymatique,IndustraNett,296.7,14.52,4308.08,6.6,True,0.57,169.12,887.5,76.1,408.3,9.6,8.6,Faible risque,1.688,True,True,True,True
2021-10-01,2021,10,4,2021-10,Nettoyant inox écologique,nettoyant inox,biosourcé,ChemPro,132.8,45.01,5977.33,8.3,True,0.51,67.73,475.3,87.6,635.4,25.2,9.22,Faible risque,4.882,True,True,True,False
2021-11-01,2021,11,4,2021-11,Cire sol industrielle,entretien sol,solvant,ChemPro,118.3,33.65,3980.79,7.0,True,153.4,18147.22,227.4,48.7,4.3,7.4,3.49,Risque élevé,9.642,False,False,True,False
2021-11-01,2021,11,4,2021-11,Nettoyant inox alimentaire,nettoyant inox,acide,ProHygiène,152.1,22.42,3410.08,1.7,False,9.23,1403.88,128.8,20.6,124.1,20.9,3.61,Risque élevé,6.211,False,False,True,False
2021-11-01,2021,11,4,2021-11,Nettoyant acide biosourcé,détartrant,biosourcé,ChemPro,310.5,41.89,13006.84,7.7,True,0.63,195.62,716.8,96.7,310.2,28.3,8.54,Faible risque,4.905,True,True,True,False
2021-11-01,2021,11,4,2021-11,Nettoyant haute pression concentré,nettoyant HP,alcalin,ProHygiène,24.4,32.11,783.48,10.7,False,8.56,208.86,306.4,58.0,65.1,26.9,4.88,Risque élevé,6.58,False,False,True,False
2021-11-01,2021,11,4,2021-11,Antirouille process,traitement surface,acide,EcoClean,498.1,20.96,10440.18,3.8,False,9.45,4707.04,125.4,31.6,71.1,35.9,4.26,Risque élevé,4.92,False,False,True,False
2021-12-01,2021,12,4,2021-12,Désodorisant industriel masquant,désodorisant,synthétique,ProHygiène,31.9,42.52,1356.39,8.4,True,5.28,168.43,345.4,36.8,64.3,54.8,4.99,Risque élevé,8.521,False,False,True,False
2021-12-01,2021,12,4,2021-12,Décapant sol enzymatique,décapant,enzymatique,EcoClean,222.1,52.13,11578.07,7.9,True,0.59,131.04,863.0,83.1,413.7,64.5,8.69,Faible risque,5.999,True,True,True,True
2021-12-01,2021,12,4,2021-12,Nettoyant acide biosourcé,détartrant,biosourcé,ProHygiène,374.2,60.86,22773.81,7.5,True,0.57,213.29,725.6,80.5,387.3,44.4,8.58,Faible risque,7.093,True,True,True,True
2021-12-01,2021,12,4,2021-12,Désodorisant industriel masquant,désodorisant,synthétique,ChemPro,159.5,26.68,4255.46,7.4,True,8.49,1354.16,345.5,60.9,92.9,29.4,6.15,Risque modéré,4.338,False,False,True,False
2021-12-01,2021,12,4,2021-12,Nettoyant acide détartrant,détartrant,acide,EcoClean,213.9,38.12,8153.87,3.1,False,7.96,1702.64,98.2,45.8,100.3,40.6,4.67,Risque élevé,8.163,False,False,True,False
2021-12-01,2021,12,4,2021-12,Dégraissant alcalin HD,dégraissant,alcalin,ProHygiène,51.6,34.71,1791.04,11.8,False,11.32,584.11,498.6,36.0,104.8,21.3,4.08,Risque élevé,8.507,False,False,True,False
2021-12-01,2021,12,4,2021-12,Décapant sol enzymatique,décapant,enzymatique,IndustraNett,367.5,60.74,22321.95,7.9,True,0.37,135.98,515.1,86.0,518.3,48.7,9.3,Faible risque,6.531,True,True,True,True
2021-12-01,2021,12,4,2021-12,Antirouille process,traitement surface,acide,ChemPro,317.2,43.37,13756.96,3.6,False,9.01,2857.97,155.2,50.9,110.5,27.3,5.02,Risque modéré,8.639,False,False,True,False
2022-01-01,2022,1,1,2022-01,Dégraissant alcalin HD,dégraissant,alcalin,EcoClean,496.3,27.03,13414.99,12.8,False,7.51,3727.21,255.9,62.8,41.5,73.6,4.25,Risque élevé,6.36,False,False,True,False
2022-01-01,2022,1,1,2022-01,Nettoyant inox alimentaire,nettoyant inox,acide,EcoClean,359.0,23.5,8436.5,2.4,False,7.37,2645.83,143.0,48.5,19.6,50.2,4.06,Risque élevé,5.788,False,False,True,False
2022-01-01,2022,1,1,2022-01,Décapant sol enzymatique,décapant,enzymatique,EcoClean,365.8,17.79,6507.58,7.6,True,0.32,117.06,675.4,92.2,362.2,47.4,8.75,Faible risque,2.033,True,True,True,False
2022-01-01,2022,1,1,2022-01,Nettoyant inox alimentaire,nettoyant inox,acide,EcoClean,346.7,11.27,3907.31,1.7,False,6.12,2121.8,100.4,40.7,66.6,11.4,3.91,Risque élevé,2.882,False,False,True,False
2022-01-01,2022,1,1,2022-01,Désinfectant peroxyde EcoPur,désinfectant,peroxyde,ProHygiène,416.2,38.94,16206.83,7.0,True,0.5,208.1,961.0,93.2,330.8,55.2,8.77,Faible risque,4.44,True,True,True,False
2022-02-01,2022,2,1,2022-02,Dégraissant biosourcé CitraClean,dégraissant,biosourcé,ProHygiène,494.5,34.11,16867.4,6.5,True,0.34,168.13,678.7,95.4,409.6,44.1,9.16,Faible risque,3.724,True,False,True,True
2022-02-01,2022,2,1,2022-02,Décapant sol industriel,décapant,solvant,EcoClean,310.8,44.09,13703.17,9.8,False,122.75,38150.7,317.9,49.8,6.6,21.9,3.04,Risque élevé,14.503,False,False,False,False
2022-02-01,2022,2,1,2022-02,Nettoyant HP vert dilution forte,nettoyant HP,biosourcé,VerteChimie,66.1,60.75,4015.58,7.6,True,0.39,25.78,759.0,89.7,326.3,32.9,8.46,Faible risque,7.181,True,True,True,True
2022-02-01,2022,2,1,2022-02,Décapant sol enzymatique,décapant,enzymatique,EcoClean,347.5,25.65,8913.38,8.2,True,0.62,215.45,629.6,84.7,502.5,68.8,9.16,Faible risque,2.8,True,True,True,True
2022-02-01,2022,2,1,2022-02,Nettoyant HP vert dilution forte,nettoyant HP,biosourcé,ProHygiène,338.8,62.97,21334.24,8.0,True,0.22,74.54,460.7,86.7,632.7,14.1,9.29,Faible risque,6.778,True,True,True,False
2022-02-01,2022,2,1,2022-02,Nettoyant HP vert dilution forte,nettoyant HP,biosourcé,IndustraNett,381.0,61.42,23401.02,6.7,True,0.55,209.55,676.4,94.8,337.1,4.3,8.77,Faible risque,7.003,True,True,True,False
2022-02-01,2022,2,1,2022-02,Dégraissant biosourcé CitraClean,dégraissant,biosourcé,IndustraNett,341.2,46.66,15920.39,8.2,True,0.43,146.72,850.4,91.7,504.7,54.3,9.38,Faible risque,4.974,True,False,True,False
2022-02-01,2022,2,1,2022-02,Dégraissant biosourcé CitraClean,dégraissant,biosourcé,IndustraNett,407.3,47.31,19269.36,8.2,True,0.56,228.09,977.8,85.3,408.2,63.1,8.63,Faible risque,5.482,True,True,True,True
2022-03-01,2022,3,1,2022-03,Nettoyant HP vert dilution forte,nettoyant HP,biosourcé,VerteChimie,413.4,36.86,15237.92,7.5,True,0.52,214.97,666.3,76.6,585.1,52.1,9.14,Faible risque,4.033,True,True,True,True
2022-03-01,2022,3,1,2022-03,Cire sol industrielle,entretien sol,solvant,IndustraNett,104.3,33.65,3509.7,8.2,True,113.87,11876.64,506.8,35.0,9.1,65.9,3.22,Risque élevé,10.45,False,False,False,False
2022-03-01,2022,3,1,2022-03,Nettoyant inox alimentaire,nettoyant inox,acide,IndustraNett,201.3,43.36,8728.37,2.9,False,8.61,1733.19,164.2,33.9,55.1,35.5,3.97,Risque élevé,10.922,False,False,True,False
2022-03-01,2022,3,1,2022-03,Emulsion sol biosourcée,entretien sol,biosourcé,ChemPro,471.2,28.43,13396.22,6.7,True,0.7,329.84,943.5,85.9,293.4,31.9,8.24,Faible risque,3.45,True,True,True,False
2022-03-01,2022,3,1,2022-03,Dégraissant solvant chloré,dégraissant,solvant,IndustraNett,172.1,35.89,6176.67,7.9,True,87.08,14986.47,364.9,36.7,10.0,45.6,3.72,Risque élevé,9.648,False,False,False,False
2022-03-01,2022,3,1,2022-03,Décapant sol industriel,décapant,solvant,IndustraNett,14.0,39.0,546.0,9.4,False,147.29,2062.06,300.3,58.8,8.6,33.1,3.11,Risque élevé,12.54,False,False,False,False
2022-03-01,2022,3,1,2022-03,Nettoyant inox écologique,nettoyant inox,biosourcé,ProHygiène,10.6,45.45,481.77,7.7,True,0.54,5.72,770.0,92.0,119.2,29.3,7.25,Risque modéré,6.269,True,False,True,False
2022-03-01,2022,3,1,2022-03,Nettoyant inox alimentaire,nettoyant inox,acide,VerteChimie,12.7,14.38,182.63,1.6,False,5.31,67.44,155.5,41.1,89.5,79.6,4.04,Risque élevé,3.559,False,False,True,False
2022-03-01,2022,3,1,2022-03,Emulsion sol biosourcée,entretien sol,biosourcé,VerteChimie,389.6,25.15,9798.44,7.3,True,0.69,268.82,850.1,81.8,395.5,57.8,8.73,Faible risque,2.881,True,False,True,False
2022-03-01,2022,3,1,2022-03,Antirouille process,traitement surface,acide,EcoClean,274.2,27.68,7589.86,3.6,False,7.62,2089.4,107.6,41.6,85.4,40.6,4.61,Risque élevé,6.004,False,False,True,False
2022-03-01,2022,3,1,2022-03,Désodorisant enzymatique,désodorisant,enzymatique,IndustraNett,286.4,13.82,3958.05,6.6,True,0.31,88.78,751.8,77.7,217.9,58.5,7.51,Faible risque,1.84,True,True,True,True
2022-03-01,2022,3,1,2022-03,Désodorisant industriel masquant,désodorisant,synthétique,VerteChimie,247.9,10.37,2570.72,7.8,True,5.53,1370.89,396.3,49.8,85.2,31.0,5.69,Risque modéré,1.822,False,False,True,False
2022-03-01,2022,3,1,2022-03,Mousse écologique certifiée,nettoyant multi,biosourcé,ProHygiène,311.2,55.05,17131.56,8.0,True,0.43,133.82,972.5,88.9,452.2,34.8,9.07,Faible risque,6.069,True,False,True,True
2022-03-01,2022,3,1,2022-03,Emulsion sol biosourcée,entretien sol,biosourcé,ChemPro,124.8,54.68,6824.06,7.7,True,0.38,47.42,727.6,91.7,109.1,24.7,7.19,Risque modéré,7.605,True,True,True,False
2022-03-01,2022,3,1,2022-03,Antirouille process,traitement surface,acide,ProHygiène,498.2,26.1,13003.02,3.5,False,9.9,4932.18,95.2,42.4,67.3,53.4,4.47,Risque élevé,5.839,False,False,True,False
2022-03-01,2022,3,1,2022-03,Nettoyant HP vert dilution forte,nettoyant HP,biosourcé,ChemPro,458.1,44.9,20568.69,6.6,True,0.53,242.79,802.0,98.3,673.1,45.2,9.82,Faible risque,4.572,True,True,True,True
2022-03-01,2022,3,1,2022-03,Décapant sol industriel,décapant,solvant,VerteChimie,293.4,21.37,6269.96,5.5,False,136.62,40084.31,330.2,64.4,6.5,15.8,3.69,Risque élevé,5.791,False,False,False,False
2022-04-01,2022,4,2,2022-04,Dégraissant biosourcé CitraClean,dégraissant,biosourcé,ChemPro,86.4,35.12,3034.37,8.2,True,0.62,53.57,666.2,92.6,173.8,11.4,7.44,Risque modéré,4.72,True,False,True,False
2022-04-01,2022,4,2,2022-04,Désinfectant quaternaire QAC-50,désinfectant,ammonium quaternaire,VerteChimie,448.4,12.98,5820.23,5.9,False,11.29,5062.44,190.2,46.3,33.1,66.5,5.1,Risque modéré,2.545,False,False,True,False
2022-04-01,2022,4,2,2022-04,Désinfectant peroxyde EcoPur,désinfectant,peroxyde,ChemPro,464.4,27.76,12891.74,7.6,True,0.44,204.34,830.5,86.4,453.9,4.5,9.12,Faible risque,3.044,True,False,True,True
2022-04-01,2022,4,2,2022-04,Décapant sol industriel,décapant,solvant,VerteChimie,262.1,16.94,4439.97,9.9,False,115.75,30338.08,328.8,42.4,6.0,63.9,2.87,Risque élevé,5.902,False,False,True,False
2022-04-01,2022,4,2,2022-04,Dégraissant alcalin HD,dégraissant,alcalin,ProHygiène,242.5,4.27,1035.47,13.3,False,8.48,2056.4,340.8,42.8,55.2,26.7,3.56,Risque élevé,1.199,False,False,True,False
2022-04-01,2022,4,2,2022-04,Emulsion sol biosourcée,entretien sol,biosourcé,IndustraNett,177.7,45.15,8023.15,7.8,True,0.48,85.3,743.0,75.1,421.7,7.4,8.53,Faible risque,5.293,True,False,True,False
2022-04-01,2022,4,2,2022-04,Cire sol industrielle,entretien sol,solvant,IndustraNett,174.1,28.01,4876.54,7.8,True,148.1,25784.21,417.2,52.8,9.1,13.9,3.42,Risque élevé,8.19,False,False,True,False
2022-04-01,2022,4,2,2022-04,Nettoyant inox écologique,nettoyant inox,biosourcé,ChemPro,414.9,36.43,15114.81,6.5,True,0.51,211.6,1017.5,85.6,371.3,74.1,8.64,Faible risque,4.216,True,False,True,True
2022-04-01,2022,4,2,2022-04,Nettoyant haute pression concentré,nettoyant HP,alcalin,EcoClean,300.9,3.75,1128.38,12.1,False,7.16,2154.44,352.0,46.5,117.9,42.1,4.44,Risque élevé,0.845,False,False,True,False
2022-05-01,2022,5,2,2022-05,Nettoyant acide détartrant,détartrant,acide,IndustraNett,369.6,7.0,2587.2,3.0,False,9.66,3570.34,93.1,62.6,58.0,69.6,4.87,Risque élevé,1.437,False,False,True,False
2022-05-01,2022,5,2,2022-05,Décapant sol industriel,décapant,solvant,IndustraNett,273.7,40.73,11147.8,7.3,True,58.86,16109.98,279.4,53.6,4.2,25.5,4.76,Risque élevé,8.557,False,False,False,False
2022-05-01,2022,5,2,2022-05,Dégraissant solvant chloré,dégraissant,solvant,ProHygiène,305.0,29.08,8869.4,6.4,False,68.39,20858.95,477.9,30.2,5.5,61.9,3.84,Risque élevé,7.573,False,False,True,False
2022-05-01,2022,5,2,2022-05,Antirouille process,traitement surface,acide,EcoClean,482.8,19.02,9182.86,3.8,False,8.44,4074.83,141.2,28.8,77.2,8.9,4.23,Risque élevé,4.496,False,False,True,False
2022-05-01,2022,5,2,2022-05,Nettoyant inox alimentaire,nettoyant inox,acide,IndustraNett,461.7,40.68,18781.96,1.9,False,9.21,4252.26,103.3,52.0,79.3,57.2,4.34,Risque élevé,9.373,False,False,True,False
2022-05-01,2022,5,2,2022-05,Nettoyant haute pression concentré,nettoyant HP,alcalin,ChemPro,142.1,39.97,5679.74,13.2,False,12.47,1771.99,483.4,62.9,68.9,51.8,4.23,Risque élevé,9.449,False,False,True,False
2022-05-01,2022,5,2,2022-05,Antirouille process,traitement surface,acide,IndustraNett,450.5,7.03,3167.02,2.7,False,10.69,4815.84,123.0,38.2,123.5,7.2,4.42,Risque élevé,1.59,False,False,True,False
2022-06-01,2022,6,2,2022-06,Dégraissant alcalin HD,dégraissant,alcalin,EcoClean,275.7,5.74,1582.52,11.2,False,9.24,2547.47,352.7,50.6,94.0,41.0,4.67,Risque élevé,1.229,False,False,True,False
2022-06-01,2022,6,2,2022-06,Désinfectant quaternaire QAC-50,désinfectant,ammonium quaternaire,IndustraNett,262.5,31.04,8148.0,8.1,True,18.05,4738.12,228.5,25.1,16.6,29.9,4.27,Risque élevé,7.269,False,False,True,False
2022-06-01,2022,6,2,2022-06,Nettoyant acide détartrant,détartrant,acide,ProHygiène,59.8,34.57,2067.29,3.4,False,9.66,577.67,144.2,29.2,78.8,13.2,4.11,Risque élevé,8.411,False,False,True,False
2022-06-01,2022,6,2,2022-06,Dégraissant biosourcé CitraClean,dégraissant,biosourcé,ProHygiène,381.3,4.16,1586.21,8.2,True,0.61,232.59,612.8,93.5,183.8,59.2,7.53,Faible risque,0.552,True,True,True,False
2022-06-01,2022,6,2,2022-06,Dégraissant solvant chloré,dégraissant,solvant,ChemPro,36.0,35.78,1288.08,7.0,True,121.96,4390.56,282.5,28.5,10.2,10.0,3.29,Risque élevé,10.875,False,False,True,False
2022-06-01,2022,6,2,2022-06,Nettoyant inox écologique,nettoyant inox,biosourcé,IndustraNett,453.1,36.56,16565.34,7.0,True,0.29,131.4,629.8,79.5,305.2,7.3,8.21,Faible risque,4.453,True,False,True,False
2022-06-01,2022,6,2,2022-06,Mousse nettoyante toutes surfaces,nettoyant multi,tensioactif,ProHygiène,442.7,2.61,1155.45,5.4,False,7.71,3413.22,405.7,36.8,56.0,65.6,4.84,Risque élevé,0.539,False,False,True,False
2022-06-01,2022,6,2,2022-06,Nettoyant inox écologique,nettoyant inox,biosourcé,EcoClean,286.0,26.77,7656.22,7.7,True,0.74,211.64,924.7,79.2,267.9,67.0,7.76,Faible risque,3.45,True,False,True,True
2022-07-01,2022,7,3,2022-07,Décapant sol enzymatique,décapant,enzymatique,EcoClean,78.5,52.31,4106.34,8.2,True,0.66,51.81,1066.1,97.2,425.3,56.3,9.09,Faible risque,5.755,True,True,True,True
2022-07-01,2022,7,3,2022-07,Cire sol industrielle,entretien sol,solvant,ChemPro,375.6,34.35,12901.86,6.8,True,141.32,53079.79,463.0,28.4,7.2,51.5,2.95,Risque élevé,11.644,False,False,False,False
2022-07-01,2022,7,3,2022-07,Désodorisant industriel masquant,désodorisant,synthétique,EcoClean,455.1,29.32,13343.53,7.3,True,6.83,3108.33,258.9,39.6,83.8,39.5,5.51,Risque modéré,5.321,False,False,True,False
2022-07-01,2022,7,3,2022-07,Décapant sol industriel,décapant,solvant,VerteChimie,228.6,25.39,5804.15,7.3,True,109.19,24960.83,385.8,54.7,10.1,78.8,4.15,Risque élevé,6.118,False,False,False,False
2022-07-01,2022,7,3,2022-07,Dégraissant biosourcé CitraClean,dégraissant,biosourcé,EcoClean,11.4,60.78,692.89,7.9,True,0.52,5.93,956.5,98.7,550.0,64.8,9.68,Faible risque,6.279,True,True,True,False
2022-07-01,2022,7,3,2022-07,Nettoyant haute pression concentré,nettoyant HP,alcalin,ProHygiène,415.6,39.17,16279.05,12.7,False,6.82,2834.39,266.1,52.5,104.7,76.4,4.36,Risque élevé,8.984,False,False,True,False
2022-07-01,2022,7,3,2022-07,Désodorisant enzymatique,désodorisant,enzymatique,VerteChimie,281.7,10.9,3070.53,8.3,True,0.36,101.41,410.4,93.8,417.3,3.3,8.91,Faible risque,1.223,True,True,True,True
2022-07-01,2022,7,3,2022-07,Désinfectant quaternaire QAC-50,désinfectant,ammonium quaternaire,IndustraNett,408.0,42.56,17364.48,8.6,False,12.45,5079.6,163.9,38.4,36.2,2.9,4.71,Risque élevé,9.036,False,False,True,False
2022-07-01,2022,7,3,2022-07,Emulsion sol biosourcée,entretien sol,biosourcé,IndustraNett,229.9,52.32,12028.37,7.0,True,0.55,126.44,629.5,95.6,543.2,18.4,9.86,Faible risque,5.306,True,True,True,False
2022-07-01,2022,7,3,2022-07,Emulsion sol biosourcée,entretien sol,biosourcé,EcoClean,443.1,16.31,7226.96,7.9,True,0.75,332.33,886.4,90.7,283.2,17.9,8.13,Faible risque,2.006,True,True,True,True
2022-07-01,2022,7,3,2022-07,Mousse écologique certifiée,nettoyant multi,biosourcé,ChemPro,347.8,11.62,4041.44,7.7,True,0.41,142.6,710.8,98.7,235.6,40.7,8.15,Faible risque,1.426,True,True,True,False
2022-07-01,2022,7,3,2022-07,Désodorisant industriel masquant,désodorisant,synthétique,EcoClean,83.7,35.24,2949.59,8.8,False,6.88,575.86,376.4,21.0,76.9,3.9,4.45,Risque élevé,7.919,False,False,True,False
2022-08-01,2022,8,3,2022-08,Nettoyant inox alimentaire,nettoyant inox,acide,IndustraNett,319.3,9.48,3026.96,3.9,False,6.56,2094.61,112.5,33.4,55.0,6.7,4.29,Risque élevé,2.21,False,False,True,False
2022-08-01,2022,8,3,2022-08,Désodorisant industriel masquant,désodorisant,synthétique,IndustraNett,492.3,16.35,8049.1,6.2,False,11.28,5553.14,455.1,30.1,90.7,45.6,5.05,Risque modéré,3.238,False,False,True,False
2022-08-01,2022,8,3,2022-08,Mousse écologique certifiée,nettoyant multi,biosourcé,ChemPro,372.1,55.69,20722.25,7.7,True,0.6,223.26,936.3,78.6,419.5,10.3,8.65,Faible risque,6.438,True,True,True,False
2022-08-01,2022,8,3,2022-08,Désodorisant industriel masquant,désodorisant,synthétique,VerteChimie,31.7,44.08,1397.34,9.4,False,5.58,176.89,429.5,44.5,50.2,22.2,4.82,Risque élevé,9.145,False,False,True,False
2022-08-01,2022,8,3,2022-08,Nettoyant inox écologique,nettoyant inox,biosourcé,IndustraNett,181.1,23.38,4234.12,7.6,True,0.45,81.5,822.9,82.4,550.0,24.4,9.28,Faible risque,2.519,True,True,True,False
2022-08-01,2022,8,3,2022-08,Décapant sol industriel,décapant,solvant,IndustraNett,6.6,9.13,60.26,6.8,True,106.54,703.16,426.3,63.9,10.0,25.6,4.49,Risque élevé,2.033,False,False,False,False
2022-08-01,2022,8,3,2022-08,Désinfectant quaternaire QAC-50,désinfectant,ammonium quaternaire,IndustraNett,122.9,4.2,516.18,5.5,False,11.67,1434.24,116.5,61.4,20.6,39.9,5.35,Risque modéré,0.785,False,False,True,False
2022-08-01,2022,8,3,2022-08,Désodorisant enzymatique,désodorisant,enzymatique,IndustraNett,426.9,7.51,3206.02,6.6,True,0.52,221.99,828.1,92.0,449.0,25.5,9.32,Faible risque,0.806,True,True,True,False
2022-09-01,2022,9,3,2022-09,Désodorisant enzymatique,désodorisant,enzymatique,EcoClean,53.3,4.29,228.66,8.5,True,0.32,17.06,1037.9,95.6,337.0,38.4,8.42,Faible risque,0.51,True,True,True,True
2022-09-01,2022,9,3,2022-09,Nettoyant acide biosourcé,détartrant,biosourcé,EcoClean,233.4,50.05,11681.67,7.7,True,0.34,79.36,826.6,78.6,337.4,80.0,8.16,Faible risque,6.134,True,True,True,False
2022-09-01,2022,9,3,2022-09,Cire sol industrielle,entretien sol,solvant,ProHygiène,64.6,21.8,1408.28,8.4,True,142.47,9203.56,278.2,54.0,11.0,32.9,3.36,Risque élevé,6.488,False,False,False,False
2022-09-01,2022,9,3,2022-09,Désodorisant enzymatique,désodorisant,enzymatique,ChemPro,337.7,4.4,1485.88,6.7,True,0.49,165.47,829.7,90.0,244.1,48.7,8.07,Faible risque,0.545,True,True,True,False
2022-09-01,2022,9,3,2022-09,Mousse écologique certifiée,nettoyant multi,biosourcé,VerteChimie,160.3,26.88,4308.86,8.4,True,0.56,89.77,742.7,76.2,410.0,34.7,8.31,Faible risque,3.235,True,False,True,True
2022-09-01,2022,9,3,2022-09,Nettoyant inox écologique,nettoyant inox,biosourcé,EcoClean,421.8,27.98,11801.96,8.5,True,0.59,248.86,694.9,89.3,441.1,16.3,8.86,Faible risque,3.158,True,False,True,False
2022-09-01,2022,9,3,2022-09,Nettoyant inox écologique,nettoyant inox,biosourcé,ProHygiène,176.4,5.65,996.66,8.0,True,0.41,72.32,836.1,94.8,485.0,12.0,9.44,Faible risque,0.599,True,True,True,False
2022-09-01,2022,9,3,2022-09,Mousse écologique certifiée,nettoyant multi,biosourcé,ProHygiène,468.6,15.75,7380.45,7.4,True,0.61,285.85,995.6,94.3,523.6,67.8,9.7,Faible risque,1.624,True,False,True,False
2022-10-01,2022,10,4,2022-10,Décapant sol enzymatique,décapant,enzymatique,VerteChimie,278.4,43.7,12166.08,7.6,True,0.43,119.71,677.4,95.8,299.4,10.7,8.48,Faible risque,5.153,True,False,True,True
2022-10-01,2022,10,4,2022-10,Emulsion sol biosourcée,entretien sol,biosourcé,IndustraNett,299.7,19.48,5838.16,7.0,True,0.51,152.85,622.7,86.6,200.7,18.0,7.8,Faible risque,2.497,True,False,True,True
2022-10-01,2022,10,4,2022-10,Désodorisant industriel masquant,désodorisant,synthétique,ChemPro,73.0,40.54,2959.42,7.3,True,10.1,737.3,356.2,56.8,106.2,34.0,6.11,Risque modéré,6.635,False,False,True,False
2022-10-01,2022,10,4,2022-10,Dégraissant biosourcé CitraClean,dégraissant,biosourcé,VerteChimie,355.0,55.2,19596.0,7.9,True,0.52,184.6,975.5,77.4,625.7,2.5,9.04,Faible risque,6.106,True,True,True,False
2022-10-01,2022,10,4,2022-10,Emulsion sol biosourcée,entretien sol,biosourcé,IndustraNett,287.2,32.37,9296.66,8.5,True,0.76,218.27,1047.4,82.3,326.9,7.9,7.96,Faible risque,4.067,True,True,True,False
2022-10-01,2022,10,4,2022-10,Nettoyant acide détartrant,détartrant,acide,VerteChimie,215.6,35.2,7589.12,2.9,False,9.82,2117.19,132.7,32.6,85.0,46.6,4.1,Risque élevé,8.585,False,False,True,False
2022-10-01,2022,10,4,2022-10,Nettoyant inox écologique,nettoyant inox,biosourcé,VerteChimie,489.1,20.5,10026.55,7.7,True,0.46,224.99,1003.4,84.0,492.5,77.0,9.25,Faible risque,2.216,True,True,True,False
2022-10-01,2022,10,4,2022-10,Désinfectant quaternaire QAC-50,désinfectant,ammonium quaternaire,ProHygiène,151.3,9.35,1414.66,7.1,True,14.18,2145.43,214.3,30.3,23.4,60.9,4.83,Risque élevé,1.936,False,False,True,False
2022-11-01,2022,11,4,2022-11,Nettoyant haute pression concentré,nettoyant HP,alcalin,IndustraNett,452.6,28.34,12826.68,11.8,False,6.87,3109.36,527.7,48.8,84.9,63.2,4.4,Risque élevé,6.441,False,False,True,False
2022-11-01,2022,11,4,2022-11,Désodorisant industriel masquant,désodorisant,synthétique,ChemPro,11.7,14.75,172.58,6.6,True,5.72,66.92,344.2,49.0,3.5,71.8,5.29,Risque modéré,2.788,False,False,True,False
2022-11-01,2022,11,4,2022-11,Désinfectant quaternaire QAC-50,désinfectant,ammonium quaternaire,ProHygiène,86.6,42.14,3649.32,9.1,False,7.83,678.08,214.5,27.3,15.1,55.4,4.16,Risque élevé,10.13,False,False,True,False
2022-11-01,2022,11,4,2022-11,Désodorisant industriel masquant,désodorisant,synthétique,VerteChimie,32.3,11.46,370.16,9.9,False,6.97,225.13,336.2,58.4,64.0,65.7,5.15,Risque modéré,2.225,False,False,True,False
2022-11-01,2022,11,4,2022-11,Cire sol industrielle,entretien sol,solvant,EcoClean,316.9,23.86,7561.23,6.9,True,151.86,48124.43,361.7,43.6,7.2,49.9,3.32,Risque élevé,7.187,False,False,False,False
2022-11-01,2022,11,4,2022-11,Antirouille process,traitement surface,acide,EcoClean,172.4,28.7,4947.88,2.7,False,6.44,1110.26,111.1,41.9,81.0,10.9,4.33,Risque élevé,6.628,False,False,True,False
2022-11-01,2022,11,4,2022-11,Dégraissant solvant chloré,dégraissant,solvant,IndustraNett,434.7,6.0,2608.2,9.0,False,58.94,25621.22,263.9,29.9,7.6,56.1,3.54,Risque élevé,1.695,False,False,True,False
2022-11-01,2022,11,4,2022-11,Nettoyant acide détartrant,détartrant,acide,ChemPro,201.5,11.79,2375.68,2.2,False,6.99,1408.48,127.2,39.7,86.9,38.1,4.14,Risque élevé,2.848,False,False,True,False
2022-11-01,2022,11,4,2022-11,Nettoyant inox écologique,nettoyant inox,biosourcé,VerteChimie,140.6,59.52,8368.51,7.8,True,0.59,82.95,496.4,88.1,553.7,37.7,9.39,Faible risque,6.339,True,True,True,True
2022-11-01,2022,11,4,2022-11,Antirouille process,traitement surface,acide,VerteChimie,103.7,4.56,472.87,2.5,False,7.19,745.6,140.2,39.9,85.0,18.9,4.23,Risque élevé,1.078,False,False,True,False
2022-11-01,2022,11,4,2022-11,Nettoyant haute pression concentré,nettoyant HP,alcalin,IndustraNett,197.1,8.27,1630.02,11.0,False,6.12,1206.25,359.9,30.3,80.7,77.8,4.08,Risque élevé,2.027,False,False,True,False
2022-11-01,2022,11,4,2022-11,Nettoyant inox alimentaire,nettoyant inox,acide,VerteChimie,456.4,20.5,9356.2,3.0,False,11.41,5207.52,132.4,63.2,51.7,66.5,4.82,Risque élevé,4.253,False,False,True,False
2022-11-01,2022,11,4,2022-11,Antirouille process,traitement surface,acide,ProHygiène,114.9,41.86,4809.71,1.5,False,9.06,1040.99,119.8,36.1,117.5,2.7,3.97,Risque élevé,10.544,False,False,True,False
2022-11-01,2022,11,4,2022-11,Décapant sol enzymatique,décapant,enzymatique,ProHygiène,451.7,10.39,4693.16,7.7,True,0.46,207.78,929.4,78.3,436.6,41.2,8.75,Faible risque,1.187,True,False,True,False
2022-11-01,2022,11,4,2022-11,Désinfectant quaternaire QAC-50,désinfectant,ammonium quaternaire,ProHygiène,488.2,12.97,6331.95,5.5,False,15.64,7635.45,188.0,51.6,26.5,48.3,5.04,Risque modéré,2.573,False,False,True,False
2022-11-01,2022,11,4,2022-11,Désinfectant peroxyde EcoPur,désinfectant,peroxyde,IndustraNett,238.7,43.3,10335.71,8.3,True,0.53,126.51,895.5,85.8,370.5,68.3,8.39,Faible risque,5.161,True,True,True,True
2022-12-01,2022,12,4,2022-12,Nettoyant inox alimentaire,nettoyant inox,acide,EcoClean,311.7,31.34,9768.68,3.9,False,7.61,2372.04,118.5,62.0,96.7,54.1,5.38,Risque modéré,5.825,False,False,True,False
2022-12-01,2022,12,4,2022-12,Dégraissant solvant chloré,dégraissant,solvant,VerteChimie,186.3,14.88,2772.14,6.5,True,92.14,17165.68,317.6,39.4,6.9,42.9,3.84,Risque élevé,3.875,False,False,True,False
2022-12-01,2022,12,4,2022-12,Mousse écologique certifiée,nettoyant multi,biosourcé,EcoClean,147.1,17.1,2515.41,8.3,True,0.59,86.79,793.3,94.7,466.7,2.4,9.23,Faible risque,1.853,True,True,True,False
2022-12-01,2022,12,4,2022-12,Nettoyant inox alimentaire,nettoyant inox,acide,ChemPro,419.0,23.02,9645.38,3.3,False,5.66,2371.54,117.8,39.8,49.0,12.8,4.27,Risque élevé,5.391,False,False,True,False
2022-12-01,2022,12,4,2022-12,Nettoyant haute pression concentré,nettoyant HP,alcalin,IndustraNett,484.3,32.88,15923.78,11.5,False,4.31,2087.33,310.3,53.6,88.5,58.5,4.7,Risque élevé,6.996,False,False,True,False
2022-12-01,2022,12,4,2022-12,Antirouille process,traitement surface,acide,EcoClean,71.2,35.45,2524.04,3.6,False,9.61,684.23,96.6,44.9,52.3,64.7,4.49,Risque élevé,7.895,False,False,True,False
2022-12-01,2022,12,4,2022-12,Antirouille process,traitement surface,acide,VerteChimie,395.5,26.51,10484.7,3.9,False,3.85,1522.68,109.7,61.9,75.9,8.5,5.31,Risque modéré,4.992,False,False,True,False
2022-12-01,2022,12,4,2022-12,Dégraissant biosourcé CitraClean,dégraissant,biosourcé,ProHygiène,13.8,29.23,403.37,7.2,True,0.37,5.11,751.2,75.6,460.9,7.3,8.97,Faible risque,3.259,True,True,True,True
2022-12-01,2022,12,4,2022-12,Mousse nettoyante toutes surfaces,nettoyant multi,tensioactif,VerteChimie,183.4,17.52,3213.17,6.4,False,8.81,1615.75,503.3,40.9,60.6,16.7,5.29,Risque modéré,3.312,False,False,True,False
2022-12-01,2022,12,4,2022-12,Nettoyant HP vert dilution forte,nettoyant HP,biosourcé,ProHygiène,483.4,18.93,9150.76,8.2,True,0.31,149.85,1051.7,82.3,430.1,36.4,8.68,Faible risque,2.181,True,False,True,False
2022-12-01,2022,12,4,2022-12,Nettoyant HP vert dilution forte,nettoyant HP,biosourcé,ChemPro,334.2,41.21,13772.38,7.1,True,0.55,183.81,823.7,81.5,478.3,2.1,9.28,Faible risque,4.441,True,True,True,False
2022-12-01,2022,12,4,2022-12,Mousse écologique certifiée,nettoyant multi,biosourcé,IndustraNett,303.0,37.85,11468.55,7.3,True,0.35,106.05,902.4,86.8,313.0,41.9,8.38,Faible risque,4.517,True,True,True,True
2023-01-01,2023,1,1,2023-01,Dégraissant alcalin HD,dégraissant,alcalin,EcoClean,229.9,16.13,3708.29,12.6,False,8.43,1938.06,469.6,23.9,98.3,61.9,3.47,Risque élevé,4.648,False,False,True,False
2023-01-01,2023,1,1,2023-01,Nettoyant haute pression concentré,nettoyant HP,alcalin,EcoClean,384.1,8.95,3437.7,10.8,False,5.78,2220.1,340.3,26.1,73.1,77.2,3.98,Risque élevé,2.249,False,False,True,False
2023-01-01,2023,1,1,2023-01,Dégraissant biosourcé CitraClean,dégraissant,biosourcé,VerteChimie,371.0,53.57,19874.47,7.4,True,0.45,166.95,652.4,90.6,217.8,60.4,7.9,Faible risque,6.781,True,True,True,True
2023-01-01,2023,1,1,2023-01,Antirouille process,traitement surface,acide,ProHygiène,162.2,15.83,2567.63,3.8,False,8.87,1438.71,122.1,41.6,93.1,46.9,4.7,Risque élevé,3.368,False,False,True,False
2023-01-01,2023,1,1,2023-01,Nettoyant acide détartrant,détartrant,acide,IndustraNett,16.1,12.76,205.44,3.5,False,5.14,82.75,147.9,64.9,60.5,68.9,5.16,Risque modéré,2.473,False,False,True,False
2023-02-01,2023,2,1,2023-02,Nettoyant HP vert dilution forte,nettoyant HP,biosourcé,ChemPro,388.9,40.69,15824.34,8.1,True,0.5,194.45,582.0,86.2,170.6,29.3,7.26,Risque modéré,5.605,True,True,True,True
2023-02-01,2023,2,1,2023-02,Désodorisant enzymatique,désodorisant,enzymatique,VerteChimie,401.4,7.99,3207.19,7.5,True,0.8,321.12,1112.0,93.4,364.2,40.8,8.82,Faible risque,0.906,True,True,True,False
2023-02-01,2023,2,1,2023-02,Désinfectant quaternaire QAC-50,désinfectant,ammonium quaternaire,EcoClean,433.5,35.69,15471.62,6.3,False,17.08,7404.18,297.2,42.2,29.1,38.7,5.0,Risque élevé,7.138,False,False,True,False
2023-02-01,2023,2,1,2023-02,Désodorisant enzymatique,désodorisant,enzymatique,IndustraNett,349.0,16.11,5622.39,7.8,True,0.61,212.89,433.0,87.8,315.6,54.6,8.27,Faible risque,1.948,True,True,True,False
2023-02-01,2023,2,1,2023-02,Nettoyant haute pression concentré,nettoyant HP,alcalin,ChemPro,139.6,21.36,2981.86,12.2,False,11.01,1537.0,416.0,26.0,100.7,47.6,3.64,Risque élevé,5.868,False,False,True,False
2023-03-01,2023,3,1,2023-03,Désinfectant peroxyde EcoPur,désinfectant,peroxyde,ProHygiène,328.8,26.75,8795.4,7.3,True,0.73,240.02,907.0,83.3,289.8,53.7,8.14,Faible risque,3.286,True,False,True,False
2023-03-01,2023,3,1,2023-03,Cire sol industrielle,entretien sol,solvant,IndustraNett,42.5,37.38,1588.65,6.4,False,130.92,5564.1,325.8,43.0,7.3,43.5,3.4,Risque élevé,10.994,False,False,False,False
2023-03-01,2023,3,1,2023-03,Nettoyant HP vert dilution forte,nettoyant HP,biosourcé,EcoClean,8.2,57.14,468.55,7.5,True,0.53,4.35,740.5,81.0,193.4,35.8,7.43,Risque modéré,7.69,True,False,True,True
2023-03-01,2023,3,1,2023-03,Nettoyant acide biosourcé,détartrant,biosourcé,ProHygiène,33.8,31.36,1059.97,8.4,True,0.58,19.6,859.5,91.4,329.5,6.1,8.28,Faible risque,3.787,True,True,True,False
2023-03-01,2023,3,1,2023-03,Désodorisant enzymatique,désodorisant,enzymatique,ProHygiène,77.3,40.4,3122.92,6.7,True,0.6,46.38,872.1,87.1,403.8,57.1,8.94,Faible risque,4.519,True,True,True,False
2023-03-01,2023,3,1,2023-03,Dégraissant solvant chloré,dégraissant,solvant,VerteChimie,433.9,12.16,5276.22,5.3,False,157.32,68261.15,433.6,58.5,5.3,15.6,3.26,Risque élevé,3.73,False,False,True,False
2023-04-01,2023,4,2,2023-04,Désodorisant industriel masquant,désodorisant,synthétique,ChemPro,157.4,33.39,5255.59,5.8,False,8.15,1282.81,376.3,64.6,87.5,68.4,5.99,Risque modéré,5.574,False,False,True,False
2023-04-01,2023,4,2,2023-04,Nettoyant HP vert dilution forte,nettoyant HP,biosourcé,EcoClean,43.0,23.76,1021.68,8.1,True,0.57,24.51,520.2,91.6,637.7,58.5,9.4,Faible risque,2.528,True,True,True,False
2023-04-01,2023,4,2,2023-04,Nettoyant acide détartrant,détartrant,acide,EcoClean,205.0,14.77,3027.85,4.0,False,8.28,1697.4,139.3,24.1,70.4,60.7,4.11,Risque élevé,3.594,False,False,True,False
2023-04-01,2023,4,2,2023-04,Nettoyant acide détartrant,détartrant,acide,EcoClean,332.7,14.33,4767.59,3.4,False,12.38,4118.83,132.8,43.8,76.5,19.6,4.5,Risque élevé,3.184,False,False,True,False
2023-04-01,2023,4,2,2023-04,Nettoyant acide détartrant,détartrant,acide,VerteChimie,340.4,32.07,10916.63,3.5,False,9.5,3233.8,149.2,42.9,70.7,13.8,4.51,Risque élevé,7.111,False,False,True,False
2023-04-01,2023,4,2,2023-04,Décapant sol industriel,décapant,solvant,IndustraNett,17.6,4.4,77.44,7.0,True,111.83,1968.21,344.8,43.0,9.1,43.0,3.85,Risque élevé,1.143,False,False,True,False
2023-05-01,2023,5,2,2023-05,Mousse nettoyante toutes surfaces,nettoyant multi,tensioactif,ProHygiène,362.4,15.08,5464.99,7.3,True,6.3,2283.12,327.3,20.6,99.3,34.3,5.04,Risque modéré,2.992,False,False,True,False
2023-05-01,2023,5,2,2023-05,Désodorisant industriel masquant,désodorisant,synthétique,IndustraNett,46.7,16.95,791.56,9.1,False,7.3,340.91,295.9,37.7,108.0,48.6,5.04,Risque modéré,3.363,False,False,True,False
2023-05-01,2023,5,2,2023-05,Décapant sol enzymatique,décapant,enzymatique,VerteChimie,205.4,40.62,8343.35,7.9,True,0.42,86.27,751.6,87.2,215.9,6.9,7.63,Faible risque,5.324,True,True,True,False
2023-05-01,2023,5,2,2023-05,Dégraissant alcalin HD,dégraissant,alcalin,ProHygiène,15.4,16.84,259.34,10.9,False,8.08,124.43,378.8,23.4,104.3,71.7,4.02,Risque élevé,4.189,False,False,True,False
2023-05-01,2023,5,2,2023-05,Désodorisant enzymatique,désodorisant,enzymatique,VerteChimie,477.6,60.35,28823.16,8.0,True,0.79,377.3,1172.6,92.2,487.0,65.4,9.37,Faible risque,6.441,True,False,True,False
2023-05-01,2023,5,2,2023-05,Désodorisant enzymatique,désodorisant,enzymatique,ProHygiène,485.9,56.64,27521.38,6.9,True,0.57,276.96,814.3,95.5,539.9,10.5,9.83,Faible risque,5.762,True,False,True,True
2023-05-01,2023,5,2,2023-05,Décapant sol industriel,décapant,solvant,IndustraNett,28.3,17.72,501.48,5.8,False,106.36,3009.99,334.7,25.5,4.1,11.9,3.0,Risque élevé,5.907,False,False,True,False
2023-05-01,2023,5,2,2023-05,Décapant sol enzymatique,décapant,enzymatique,IndustraNett,133.4,38.4,5122.56,6.8,True,0.43,57.36,857.0,89.1,405.8,56.6,9.04,Faible risque,4.248,True,True,True,True
2023-05-01,2023,5,2,2023-05,Désinfectant quaternaire QAC-50,désinfectant,ammonium quaternaire,EcoClean,220.0,39.31,8648.2,10.0,False,13.59,2989.8,191.7,64.5,31.7,14.2,5.02,Risque modéré,7.831,False,False,True,False
2023-06-01,2023,6,2,2023-06,Nettoyant HP vert dilution forte,nettoyant HP,biosourcé,ProHygiène,308.9,6.5,2007.85,8.4,True,0.28,86.49,893.2,98.6,171.1,65.9,7.55,Faible risque,0.861,True,False,True,True
2023-06-01,2023,6,2,2023-06,Mousse nettoyante toutes surfaces,nettoyant multi,tensioactif,ChemPro,477.5,20.14,9616.85,7.3,True,6.04,2884.1,455.9,40.5,115.6,33.0,5.74,Risque modéré,3.509,False,False,True,False
2023-06-01,2023,6,2,2023-06,Mousse nettoyante toutes surfaces,nettoyant multi,tensioactif,IndustraNett,171.2,9.59,1641.81,5.6,False,11.49,1967.09,428.3,34.0,124.0,18.5,5.18,Risque modéré,1.851,False,False,True,False
2023-06-01,2023,6,2,2023-06,Emulsion sol biosourcée,entretien sol,biosourcé,ChemPro,145.0,25.27,3664.15,8.2,True,0.59,85.55,844.6,97.3,228.7,67.1,7.91,Faible risque,3.195,True,True,True,True
2023-06-01,2023,6,2,2023-06,Nettoyant acide détartrant,détartrant,acide,ChemPro,247.9,41.49,10285.37,3.6,False,7.59,1881.56,65.3,56.3,84.2,8.9,5.05,Risque modéré,8.216,False,False,True,False
2023-06-01,2023,6,2,2023-06,Désinfectant peroxyde EcoPur,désinfectant,peroxyde,ChemPro,65.4,52.74,3449.2,7.5,True,0.51,33.35,805.3,97.4,285.3,30.8,8.47,Faible risque,6.227,True,True,True,True
2023-06-01,2023,6,2,2023-06,Décapant sol enzymatique,décapant,enzymatique,ChemPro,274.1,17.03,4667.92,7.9,True,0.58,158.98,668.3,98.5,380.3,44.5,8.95,Faible risque,1.903,True,True,True,True
2023-06-01,2023,6,2,2023-06,Dégraissant alcalin HD,dégraissant,alcalin,ProHygiène,318.0,12.6,4006.8,12.0,False,6.85,2178.3,320.5,30.9,107.4,78.9,3.94,Risque élevé,3.198,False,False,True,False
2023-06-01,2023,6,2,2023-06,Nettoyant acide biosourcé,détartrant,biosourcé,EcoClean,281.1,50.46,14184.31,7.2,True,0.37,104.01,695.3,96.4,602.5,11.3,9.83,Faible risque,5.133,True,True,True,False
2023-06-01,2023,6,2,2023-06,Antirouille process,traitement surface,acide,IndustraNett,159.5,29.36,4682.92,2.0,False,4.61,735.3,110.4,39.3,76.3,77.3,4.04,Risque élevé,7.267,False,False,True,False
2023-07-01,2023,7,3,2023-07,Désodorisant enzymatique,désodorisant,enzymatique,VerteChimie,215.9,19.88,4292.09,7.3,True,0.44,95.0,815.5,88.1,339.5,78.0,8.58,Faible risque,2.317,True,True,True,False
2023-07-01,2023,7,3,2023-07,Nettoyant haute pression concentré,nettoyant HP,alcalin,ChemPro,245.0,26.55,6504.75,12.8,False,7.05,1727.25,421.1,58.7,71.5,30.3,4.31,Risque élevé,6.16,False,False,True,False
2023-07-01,2023,7,3,2023-07,Désodorisant industriel masquant,désodorisant,synthétique,ChemPro,430.1,26.02,11191.2,7.5,True,5.71,2455.87,254.6,59.4,74.5,75.4,6.0,Risque modéré,4.337,False,False,True,False
2023-07-01,2023,7,3,2023-07,Dégraissant solvant chloré,dégraissant,solvant,ChemPro,85.5,15.67,1339.78,9.8,False,94.9,8113.95,460.8,37.7,9.0,77.4,3.06,Risque élevé,5.121,False,False,False,False
2023-07-01,2023,7,3,2023-07,Nettoyant inox alimentaire,nettoyant inox,acide,ChemPro,261.5,4.96,1297.04,1.9,False,4.86,1270.89,121.8,28.4,64.7,19.2,3.61,Risque élevé,1.374,False,False,True,False
2023-07-01,2023,7,3,2023-07,Nettoyant acide détartrant,détartrant,acide,VerteChimie,35.8,39.13,1400.85,2.6,False,9.1,325.78,109.6,49.9,75.2,13.0,4.47,Risque élevé,8.754,False,False,True,False
2023-07-01,2023,7,3,2023-07,Mousse nettoyante toutes surfaces,nettoyant multi,tensioactif,VerteChimie,31.1,42.14,1310.55,7.3,True,7.56,235.12,419.7,20.0,69.5,79.2,4.82,Risque élevé,8.743,False,False,True,False
2023-07-01,2023,7,3,2023-07,Antirouille process,traitement surface,acide,ChemPro,285.8,39.03,11154.77,3.6,False,5.79,1654.78,127.6,25.5,78.4,42.8,4.11,Risque élevé,9.496,False,False,True,False
2023-07-01,2023,7,3,2023-07,Emulsion sol biosourcée,entretien sol,biosourcé,EcoClean,493.5,4.09,2018.42,7.5,True,0.4,197.4,1104.7,95.8,327.4,69.2,8.68,Faible risque,0.471,True,True,True,False
2023-07-01,2023,7,3,2023-07,Cire sol industrielle,entretien sol,solvant,ChemPro,235.2,11.69,2749.49,9.4,False,142.15,33433.68,434.9,29.0,6.8,11.8,2.28,Risque élevé,5.127,False,False,True,False
2023-07-01,2023,7,3,2023-07,Nettoyant acide biosourcé,détartrant,biosourcé,EcoClean,248.3,61.87,15362.32,7.1,True,0.53,131.6,745.1,97.7,385.0,70.4,9.2,Faible risque,6.725,True,True,True,True
2023-08-01,2023,8,3,2023-08,Mousse nettoyante toutes surfaces,nettoyant multi,tensioactif,ChemPro,68.9,42.21,2908.27,7.8,True,11.66,803.37,221.5,29.1,61.2,68.3,4.84,Risque élevé,8.721,False,False,True,False
2023-08-01,2023,8,3,2023-08,Désinfectant quaternaire QAC-50,désinfectant,ammonium quaternaire,ProHygiène,123.1,18.31,2253.96,9.0,False,13.67,1682.78,222.1,38.6,19.7,79.3,4.48,Risque élevé,4.087,False,False,True,False
2023-08-01,2023,8,3,2023-08,Nettoyant acide biosourcé,détartrant,biosourcé,ChemPro,153.3,30.81,4723.17,7.1,True,0.63,96.58,688.3,80.1,453.4,19.2,9.08,Faible risque,3.393,True,True,True,True
2023-08-01,2023,8,3,2023-08,Dégraissant solvant chloré,dégraissant,solvant,IndustraNett,474.9,17.62,8367.74,5.4,False,135.53,64363.2,299.2,31.0,4.3,49.0,2.66,Risque élevé,6.624,False,False,True,False
2023-08-01,2023,8,3,2023-08,Nettoyant inox alimentaire,nettoyant inox,acide,IndustraNett,386.5,13.27,5128.85,3.5,False,4.25,1642.62,76.1,43.1,78.7,33.0,4.63,Risque élevé,2.866,False,False,True,False
2023-08-01,2023,8,3,2023-08,Désodorisant industriel masquant,désodorisant,synthétique,ProHygiène,188.5,6.11,1151.74,9.1,False,7.36,1387.36,319.7,23.7,84.9,57.1,4.48,Risque élevé,1.364,False,False,True,False
2023-08-01,2023,8,3,2023-08,Désodorisant enzymatique,désodorisant,enzymatique,ProHygiène,497.3,15.05,7484.37,7.0,True,0.55,273.52,698.4,84.2,358.7,48.6,8.67,Faible risque,1.736,True,True,True,False
2023-08-01,2023,8,3,2023-08,Désinfectant quaternaire QAC-50,désinfectant,ammonium quaternaire,EcoClean,307.1,36.63,11249.07,5.5,False,14.29,4388.46,222.1,31.6,17.6,39.9,4.4,Risque élevé,8.325,False,False,True,False
2023-08-01,2023,8,3,2023-08,Mousse écologique certifiée,nettoyant multi,biosourcé,VerteChimie,367.7,8.97,3298.27,8.0,True,0.58,213.27,847.1,91.4,193.9,10.4,7.59,Faible risque,1.182,True,True,True,False
2023-08-01,2023,8,3,2023-08,Nettoyant acide biosourcé,détartrant,biosourcé,IndustraNett,282.5,22.49,6353.42,8.4,True,0.56,158.2,765.9,86.4,403.4,75.7,8.57,Faible risque,2.624,True,True,True,False
2023-09-01,2023,9,3,2023-09,Désodorisant industriel masquant,désodorisant,synthétique,IndustraNett,316.0,3.27,1033.32,9.3,False,7.56,2388.96,379.5,61.0,97.7,24.8,5.61,Risque modéré,0.583,False,False,True,False
2023-09-01,2023,9,3,2023-09,Antirouille process,traitement surface,acide,EcoClean,90.2,5.87,529.47,2.4,False,6.99,630.5,125.1,44.3,104.6,64.6,4.45,Risque élevé,1.319,False,False,True,False
2023-09-01,2023,9,3,2023-09,Mousse nettoyante toutes surfaces,nettoyant multi,tensioactif,IndustraNett,205.1,42.83,8784.43,8.4,True,6.15,1261.36,357.1,61.0,92.1,20.9,5.87,Risque modéré,7.296,False,False,True,False
2023-09-01,2023,9,3,2023-09,Désodorisant industriel masquant,désodorisant,synthétique,ProHygiène,165.7,15.12,2505.38,9.5,False,7.78,1289.15,403.7,34.3,72.3,70.5,4.59,Risque élevé,3.294,False,False,True,False
2023-09-01,2023,9,3,2023-09,Nettoyant haute pression concentré,nettoyant HP,alcalin,ProHygiène,306.2,16.88,5168.66,12.0,False,9.08,2780.3,437.8,26.5,59.9,78.4,3.49,Risque élevé,4.837,False,False,True,False
2023-09-01,2023,9,3,2023-09,Désodorisant industriel masquant,désodorisant,synthétique,ProHygiène,95.2,17.55,1670.76,8.7,False,8.07,768.26,410.7,59.0,91.3,4.4,5.69,Risque modéré,3.084,False,False,True,False
2023-09-01,2023,9,3,2023-09,Nettoyant inox écologique,nettoyant inox,biosourcé,ProHygiène,5.5,15.9,87.45,8.1,True,0.6,3.3,828.4,92.7,417.0,3.5,8.94,Faible risque,1.779,True,False,True,True
2023-09-01,2023,9,3,2023-09,Nettoyant acide détartrant,détartrant,acide,ChemPro,38.4,36.84,1414.66,2.8,False,9.12,350.21,142.0,23.8,99.2,37.0,3.9,Risque élevé,9.446,False,False,True,False
2023-09-01,2023,9,3,2023-09,Dégraissant biosourcé CitraClean,dégraissant,biosourcé,VerteChimie,140.1,59.37,8317.74,8.2,True,0.45,63.04,668.7,98.8,439.5,8.9,9.23,Faible risque,6.432,True,True,True,False
2023-09-01,2023,9,3,2023-09,Cire sol industrielle,entretien sol,solvant,ProHygiène,368.6,16.06,5919.72,6.6,True,114.87,42341.08,275.6,22.7,5.8,73.1,3.06,Risque élevé,5.248,False,False,False,False
2023-10-01,2023,10,4,2023-10,Nettoyant inox écologique,nettoyant inox,biosourcé,IndustraNett,124.6,13.1,1632.26,6.8,True,0.45,56.07,752.8,92.2,413.5,2.2,9.18,Faible risque,1.427,True,False,True,False
2023-10-01,2023,10,4,2023-10,Désodorisant industriel masquant,désodorisant,synthétique,ProHygiène,394.2,7.79,3070.82,8.6,False,9.57,3772.49,318.3,32.5,74.1,48.0,4.8,Risque élevé,1.623,False,False,True,False
2023-10-01,2023,10,4,2023-10,Nettoyant acide biosourcé,détartrant,biosourcé,EcoClean,184.7,45.38,8381.69,6.7,True,0.55,101.58,910.2,90.4,456.0,70.4,9.35,Faible risque,4.853,True,True,True,True
2023-10-01,2023,10,4,2023-10,Emulsion sol biosourcée,entretien sol,biosourcé,ChemPro,94.4,16.66,1572.7,8.2,True,0.43,40.59,1005.8,86.7,527.5,21.5,9.23,Faible risque,1.805,True,True,True,True
2023-10-01,2023,10,4,2023-10,Désinfectant peroxyde EcoPur,désinfectant,peroxyde,IndustraNett,443.7,15.98,7090.33,7.0,True,0.76,337.21,800.1,93.2,303.2,61.1,8.61,Faible risque,1.856,True,True,True,True
2023-10-01,2023,10,4,2023-10,Nettoyant acide biosourcé,détartrant,biosourcé,IndustraNett,223.8,11.29,2526.7,8.4,True,0.45,100.71,620.9,90.8,532.9,22.1,9.29,Faible risque,1.215,True,True,True,False
2023-10-01,2023,10,4,2023-10,Nettoyant inox alimentaire,nettoyant inox,acide,IndustraNett,465.0,18.2,8463.0,3.0,False,8.71,4050.15,123.6,36.9,73.2,57.1,4.2,Risque élevé,4.333,False,False,True,False
2023-10-01,2023,10,4,2023-10,Désodorisant industriel masquant,désodorisant,synthétique,ChemPro,481.7,14.54,7003.92,5.6,False,9.31,4484.63,217.5,20.4,74.7,31.4,4.51,Risque élevé,3.224,False,False,True,False
2023-10-01,2023,10,4,2023-10,Antirouille process,traitement surface,acide,EcoClean,261.4,5.97,1560.56,3.0,False,10.44,2729.02,132.5,47.7,36.0,35.3,4.28,Risque élevé,1.395,False,False,True,False
2023-10-01,2023,10,4,2023-10,Désinfectant quaternaire QAC-50,désinfectant,ammonium quaternaire,VerteChimie,455.0,33.66,15315.3,8.0,True,8.88,4040.4,177.1,29.5,36.1,73.2,4.68,Risque élevé,7.192,False,False,True,False
2023-11-01,2023,11,4,2023-11,Dégraissant alcalin HD,dégraissant,alcalin,ChemPro,420.0,19.2,8064.0,13.5,False,11.66,4897.2,342.4,53.7,116.7,31.4,4.16,Risque élevé,4.615,False,False,True,False
2023-11-01,2023,11,4,2023-11,Désodorisant enzymatique,désodorisant,enzymatique,IndustraNett,59.9,43.07,2579.89,6.6,True,0.37,22.16,691.6,90.7,486.8,25.7,9.51,Faible risque,4.529,True,False,True,True
2023-11-01,2023,11,4,2023-11,Nettoyant inox alimentaire,nettoyant inox,acide,ProHygiène,116.2,22.55,2620.31,2.5,False,7.6,883.12,169.6,46.7,51.7,29.9,4.23,Risque élevé,5.331,False,False,True,False
2023-11-01,2023,11,4,2023-11,Nettoyant HP vert dilution forte,nettoyant HP,biosourcé,VerteChimie,83.5,53.3,4450.55,8.1,True,0.57,47.6,742.5,95.4,448.7,53.4,9.21,Faible risque,5.787,True,True,True,True
2023-11-01,2023,11,4,2023-11,Désinfectant peroxyde EcoPur,désinfectant,peroxyde,ProHygiène,486.7,14.32,6969.54,7.2,True,0.5,243.35,864.5,80.8,444.0,51.4,9.02,Faible risque,1.588,True,True,True,True
2023-11-01,2023,11,4,2023-11,Désodorisant industriel masquant,désodorisant,synthétique,EcoClean,288.8,3.97,1146.54,9.5,False,9.9,2859.12,469.7,23.6,97.6,16.5,4.39,Risque élevé,0.904,False,False,True,False
2023-11-01,2023,11,4,2023-11,Emulsion sol biosourcée,entretien sol,biosourcé,VerteChimie,417.7,50.35,21031.2,7.6,True,0.52,217.2,922.6,83.8,436.5,23.0,8.94,Faible risque,5.632,True,True,True,True
2023-11-01,2023,11,4,2023-11,Nettoyant inox écologique,nettoyant inox,biosourcé,ChemPro,240.4,40.69,9781.88,8.1,True,0.62,149.05,687.3,89.3,427.7,79.0,8.9,Faible risque,4.572,True,True,True,False
2023-12-01,2023,12,4,2023-12,Nettoyant HP vert dilution forte,nettoyant HP,biosourcé,ChemPro,163.1,9.45,1541.29,7.3,True,0.39,63.61,926.5,86.9,214.6,43.7,7.8,Faible risque,1.212,True,False,True,True
2023-12-01,2023,12,4,2023-12,Décapant sol enzymatique,décapant,enzymatique,IndustraNett,179.4,28.1,5041.14,7.6,True,0.7,125.58,641.0,84.1,450.4,8.8,9.03,Faible risque,3.112,True,False,True,False
2023-12-01,2023,12,4,2023-12,Nettoyant haute pression concentré,nettoyant HP,alcalin,ChemPro,145.8,6.43,937.49,12.9,False,9.57,1395.31,239.6,64.8,91.3,35.2,4.55,Risque élevé,1.413,False,False,True,False
2023-12-01,2023,12,4,2023-12,Nettoyant inox alimentaire,nettoyant inox,acide,ChemPro,61.2,38.1,2331.72,2.4,False,9.78,598.54,134.5,62.3,90.3,9.5,4.87,Risque élevé,7.823,False,False,True,False
2023-12-01,2023,12,4,2023-12,Désinfectant peroxyde EcoPur,désinfectant,peroxyde,ProHygiène,358.4,58.8,21073.92,7.6,True,0.61,218.62,708.0,88.8,392.3,70.6,8.83,Faible risque,6.659,True,False,True,False
2023-12-01,2023,12,4,2023-12,Mousse nettoyante toutes surfaces,nettoyant multi,tensioactif,EcoClean,413.1,35.69,14743.54,5.5,False,8.04,3321.32,269.5,21.9,56.4,26.6,4.43,Risque élevé,8.056,False,False,True,False
2023-12-01,2023,12,4,2023-12,Nettoyant haute pression concentré,nettoyant HP,alcalin,ChemPro,30.9,29.46,910.31,13.1,False,6.39,197.45,180.2,25.0,79.3,39.1,3.26,Risque élevé,9.037,False,False,True,False
2023-12-01,2023,12,4,2023-12,Nettoyant haute pression concentré,nettoyant HP,alcalin,EcoClean,295.6,25.69,7593.96,11.6,False,9.9,2926.44,432.0,46.8,128.7,44.8,4.63,Risque élevé,5.549,False,False,True,False
2023-12-01,2023,12,4,2023-12,Désinfectant peroxyde EcoPur,désinfectant,peroxyde,VerteChimie,56.1,50.12,2811.73,7.7,True,0.53,29.73,683.0,96.5,370.2,19.6,8.89,Faible risque,5.638,True,True,True,True
2023-12-01,2023,12,4,2023-12,Désinfectant peroxyde EcoPur,désinfectant,peroxyde,IndustraNett,159.4,4.11,655.13,7.1,True,0.32,51.01,853.0,98.1,464.0,24.0,9.69,Faible risque,0.424,True,True,True,True
2024-01-01,2024,1,1,2024-01,Dégraissant solvant chloré,dégraissant,solvant,ChemPro,38.0,30.52,1159.76,9.2,False,72.03,2737.14,321.5,60.6,13.2,5.0,4.26,Risque élevé,7.164,False,False,True,False
2024-01-01,2024,1,1,2024-01,Désinfectant peroxyde EcoPur,désinfectant,peroxyde,ProHygiène,348.8,5.44,1897.47,7.5,True,0.42,146.5,670.7,87.6,314.1,59.5,8.35,Faible risque,0.651,True,True,True,False
2024-01-01,2024,1,1,2024-01,Emulsion sol biosourcée,entretien sol,biosourcé,VerteChimie,488.1,27.16,13256.8,7.9,True,0.6,292.86,759.2,76.0,453.2,70.5,8.71,Faible risque,3.118,True,True,True,False
2024-01-01,2024,1,1,2024-01,Cire sol industrielle,entretien sol,solvant,ProHygiène,420.0,8.58,3603.6,7.7,True,99.03,41592.6,349.4,59.9,6.0,36.4,4.3,Risque élevé,1.995,False,False,True,False
2024-01-01,2024,1,1,2024-01,Désodorisant industriel masquant,désodorisant,synthétique,ChemPro,213.6,7.21,1540.06,7.7,True,9.33,1992.89,427.5,64.0,77.1,31.7,6.04,Risque modéré,1.194,False,False,True,False
2024-01-01,2024,1,1,2024-01,Désinfectant peroxyde EcoPur,désinfectant,peroxyde,ChemPro,366.2,48.57,17786.33,8.2,True,0.48,175.78,1036.6,92.2,354.0,21.5,8.51,Faible risque,5.707,True,False,True,False
2024-01-01,2024,1,1,2024-01,Cire sol industrielle,entretien sol,solvant,ChemPro,221.9,23.8,5281.22,8.1,True,77.97,17301.54,359.9,42.9,2.9,73.0,3.93,Risque élevé,6.056,False,False,False,False
2024-02-01,2024,2,1,2024-02,Nettoyant acide biosourcé,détartrant,biosourcé,EcoClean,283.2,7.39,2092.85,7.0,True,0.54,152.93,764.6,93.2,579.1,23.2,9.79,Faible risque,0.755,True,True,True,False
2024-02-01,2024,2,1,2024-02,Dégraissant biosourcé CitraClean,dégraissant,biosourcé,IndustraNett,481.6,62.42,30061.47,7.7,True,0.54,260.06,824.0,76.4,501.9,38.9,9.07,Faible risque,6.882,True,False,True,True
2024-02-01,2024,2,1,2024-02,Décapant sol enzymatique,décapant,enzymatique,IndustraNett,426.3,49.31,21020.85,6.8,True,0.51,217.41,892.7,96.7,539.3,30.1,9.83,Faible risque,5.016,True,True,True,False
2024-02-01,2024,2,1,2024-02,Dégraissant biosourcé CitraClean,dégraissant,biosourcé,VerteChimie,302.0,7.21,2177.42,8.4,True,0.51,154.02,745.7,83.1,444.4,31.4,8.72,Faible risque,0.827,True,True,True,False
2024-03-01,2024,3,1,2024-03,Nettoyant inox écologique,nettoyant inox,biosourcé,IndustraNett,294.9,21.24,6263.68,7.0,True,0.68,200.53,793.8,88.2,183.2,19.6,7.74,Faible risque,2.744,True,False,True,True
2024-03-01,2024,3,1,2024-03,Dégraissant alcalin HD,dégraissant,alcalin,ProHygiène,291.4,18.0,5245.2,11.5,False,7.48,2179.67,210.3,58.7,119.8,40.1,5.0,Risque élevé,3.6,False,False,True,False
2024-03-01,2024,3,1,2024-03,Nettoyant HP vert dilution forte,nettoyant HP,biosourcé,ChemPro,478.5,8.55,4091.18,7.5,True,0.42,200.97,873.6,76.0,318.7,55.1,8.03,Faible risque,1.065,True,True,True,False
2024-03-01,2024,3,1,2024-03,Nettoyant HP vert dilution forte,nettoyant HP,biosourcé,ChemPro,102.2,5.34,545.75,6.8,True,0.57,58.25,691.4,76.5,362.6,46.8,8.4,Faible risque,0.636,True,True,True,False
2024-03-01,2024,3,1,2024-03,Désodorisant industriel masquant,désodorisant,synthétique,EcoClean,417.7,17.57,7338.99,5.6,False,7.73,3228.82,300.5,62.2,65.9,49.8,5.73,Risque modéré,3.066,False,False,True,False
2024-03-01,2024,3,1,2024-03,Emulsion sol biosourcée,entretien sol,biosourcé,VerteChimie,70.7,40.56,2867.59,7.5,True,0.48,33.94,657.1,80.2,359.8,62.1,8.4,Faible risque,4.829,True,False,True,False
2024-04-01,2024,4,2,2024-04,Décapant sol enzymatique,décapant,enzymatique,ProHygiène,176.2,13.86,2442.13,7.3,True,0.39,68.72,797.8,85.0,457.9,19.2,9.2,Faible risque,1.507,True,True,True,False
2024-04-01,2024,4,2,2024-04,Désinfectant peroxyde EcoPur,désinfectant,peroxyde,ProHygiène,119.9,3.54,424.45,6.9,True,0.56,67.14,643.5,96.0,299.4,19.0,8.64,Faible risque,0.41,True,True,True,True
2024-04-01,2024,4,2,2024-04,Mousse écologique certifiée,nettoyant multi,biosourcé,ProHygiène,326.6,62.36,20366.78,8.3,True,0.39,127.37,843.8,96.7,406.0,48.9,8.93,Faible risque,6.983,True,True,True,False
2024-04-01,2024,4,2,2024-04,Nettoyant HP vert dilution forte,nettoyant HP,biosourcé,VerteChimie,171.0,23.2,3967.2,7.8,True,0.51,87.21,758.0,76.3,339.8,15.3,8.07,Faible risque,2.875,True,True,True,False
2024-04-01,2024,4,2,2024-04,Cire sol industrielle,entretien sol,solvant,ChemPro,69.3,4.3,297.99,8.5,True,122.56,8493.41,293.4,55.1,9.4,15.1,3.61,Risque élevé,1.191,False,False,False,False
2024-04-01,2024,4,2,2024-04,Nettoyant haute pression concentré,nettoyant HP,alcalin,ChemPro,260.7,22.46,5855.32,11.2,False,9.61,2505.33,364.4,40.3,135.1,38.6,4.6,Risque élevé,4.883,False,False,True,False
2024-04-01,2024,4,2,2024-04,Désodorisant industriel masquant,désodorisant,synthétique,IndustraNett,251.6,43.33,10901.83,5.8,False,6.87,1728.49,344.2,29.4,69.7,36.8,4.84,Risque élevé,8.952,False,False,True,False
2024-05-01,2024,5,2,2024-05,Décapant sol industriel,décapant,solvant,VerteChimie,102.7,9.46,971.54,6.9,True,144.88,14879.18,292.0,37.5,8.5,44.9,3.21,Risque élevé,2.947,False,False,False,False
2024-05-01,2024,5,2,2024-05,Décapant sol industriel,décapant,solvant,EcoClean,386.8,26.52,10257.94,5.1,False,99.59,38521.41,521.2,61.9,8.3,70.0,3.99,Risque élevé,6.647,False,False,True,False
2024-05-01,2024,5,2,2024-05,Décapant sol enzymatique,décapant,enzymatique,VerteChimie,108.2,13.12,1419.58,7.1,True,0.62,67.08,1009.6,96.0,404.7,75.5,9.27,Faible risque,1.415,True,True,True,True
2024-05-01,2024,5,2,2024-05,Nettoyant acide détartrant,détartrant,acide,ProHygiène,241.5,16.97,4098.26,4.0,False,10.35,2499.52,128.9,63.3,43.0,24.5,5.1,Risque modéré,3.327,False,False,True,False
2024-05-01,2024,5,2,2024-05,Désinfectant quaternaire QAC-50,désinfectant,ammonium quaternaire,VerteChimie,27.1,30.42,824.38,8.1,True,16.24,440.1,175.9,53.8,28.5,12.6,5.23,Risque modéré,5.816,False,False,True,False
2024-05-01,2024,5,2,2024-05,Décapant sol industriel,décapant,solvant,VerteChimie,280.4,34.38,9640.15,9.5,False,126.73,35535.09,305.4,40.0,3.5,77.1,2.76,Risque élevé,12.457,False,False,False,False
2024-05-01,2024,5,2,2024-05,Nettoyant acide biosourcé,détartrant,biosourcé,IndustraNett,305.5,54.84,16753.62,7.7,True,0.42,128.31,844.6,89.1,462.9,37.2,9.23,Faible risque,5.941,True,False,True,False
2024-05-01,2024,5,2,2024-05,Décapant sol industriel,décapant,solvant,EcoClean,265.7,3.59,953.86,7.3,True,152.69,40569.73,457.4,58.9,2.0,31.6,3.69,Risque élevé,0.973,False,False,False,False
2024-06-01,2024,6,2,2024-06,Cire sol industrielle,entretien sol,solvant,VerteChimie,192.8,28.73,5539.14,9.1,False,98.76,19040.93,203.3,31.2,8.6,35.6,3.02,Risque élevé,9.513,False,False,True,False
2024-06-01,2024,6,2,2024-06,Désodorisant industriel masquant,désodorisant,synthétique,ChemPro,308.8,19.46,6009.25,9.7,False,8.39,2590.83,344.8,32.2,76.1,42.8,4.48,Risque élevé,4.344,False,False,True,False
2024-06-01,2024,6,2,2024-06,Décapant sol enzymatique,décapant,enzymatique,ChemPro,301.1,54.5,16409.95,7.6,True,0.6,180.66,769.3,91.7,322.8,14.3,8.5,Faible risque,6.412,True,True,True,False
2024-06-01,2024,6,2,2024-06,Nettoyant HP vert dilution forte,nettoyant HP,biosourcé,VerteChimie,320.4,33.43,10710.97,7.8,True,0.48,153.79,535.5,96.3,544.4,11.6,9.64,Faible risque,3.468,True,True,True,True
2024-06-01,2024,6,2,2024-06,Désodorisant industriel masquant,désodorisant,synthétique,EcoClean,161.5,10.97,1771.66,6.9,True,11.84,1912.16,195.9,38.6,24.8,42.3,5.12,Risque modéré,2.143,False,False,True,False
2024-06-01,2024,6,2,2024-06,Décapant sol enzymatique,décapant,enzymatique,IndustraNett,363.1,58.93,21397.48,7.5,True,0.31,112.56,685.4,95.5,391.7,5.5,9.06,Faible risque,6.504,True,True,True,False
2024-06-01,2024,6,2,2024-06,Antirouille process,traitement surface,acide,ChemPro,401.0,23.98,9615.98,2.9,False,6.57,2634.57,113.8,28.8,104.6,21.8,4.14,Risque élevé,5.792,False,False,True,False
2024-06-01,2024,6,2,2024-06,Emulsion sol biosourcée,entretien sol,biosourcé,ProHygiène,175.8,62.87,11052.55,7.9,True,0.61,107.24,664.6,78.6,301.3,57.6,7.88,Faible risque,7.978,True,False,True,True
2024-07-01,2024,7,3,2024-07,Désinfectant quaternaire QAC-50,désinfectant,ammonium quaternaire,ProHygiène,30.9,25.8,797.22,5.4,False,13.98,431.98,242.8,53.0,19.5,20.5,5.03,Risque modéré,5.129,False,False,True,False
2024-07-01,2024,7,3,2024-07,Dégraissant biosourcé CitraClean,dégraissant,biosourcé,IndustraNett,235.5,56.25,13246.88,6.7,True,0.58,136.59,570.3,90.1,333.3,2.4,8.6,Faible risque,6.541,True,False,True,True
2024-07-01,2024,7,3,2024-07,Décapant sol industriel,décapant,solvant,IndustraNett,477.6,7.54,3601.1,5.5,False,134.09,64041.38,400.0,21.3,13.0,35.4,2.47,Risque élevé,3.053,False,False,False,False
2024-07-01,2024,7,3,2024-07,Antirouille process,traitement surface,acide,ProHygiène,151.8,32.36,4912.25,3.7,False,6.37,966.97,121.4,51.4,52.6,59.8,4.76,Risque élevé,6.798,False,False,True,False
2024-07-01,2024,7,3,2024-07,Désinfectant peroxyde EcoPur,désinfectant,peroxyde,ChemPro,160.6,10.1,1622.06,7.0,True,0.4,64.24,650.6,92.1,494.1,5.2,9.72,Faible risque,1.039,True,True,True,False
2024-07-01,2024,7,3,2024-07,Mousse écologique certifiée,nettoyant multi,biosourcé,IndustraNett,406.9,11.67,4748.52,7.1,True,0.4,162.76,632.6,95.7,403.5,64.6,9.26,Faible risque,1.26,True,True,True,False
2024-07-01,2024,7,3,2024-07,Cire sol industrielle,entretien sol,solvant,VerteChimie,458.6,43.22,19820.69,9.4,False,84.0,38522.4,329.5,30.4,12.2,45.4,3.13,Risque élevé,13.808,False,False,False,False
2024-07-01,2024,7,3,2024-07,Décapant sol enzymatique,décapant,enzymatique,EcoClean,375.0,35.43,13286.25,7.9,True,0.49,183.75,656.0,78.8,421.4,41.9,8.61,Faible risque,4.115,True,True,True,False
2024-07-01,2024,7,3,2024-07,Nettoyant acide biosourcé,détartrant,biosourcé,ChemPro,159.4,12.86,2049.88,6.6,True,0.45,71.73,950.8,78.4,477.0,6.0,9.08,Faible risque,1.416,True,False,True,True
2024-07-01,2024,7,3,2024-07,Mousse nettoyante toutes surfaces,nettoyant multi,tensioactif,ChemPro,84.3,15.56,1311.71,8.3,True,8.15,687.04,326.5,25.4,49.0,55.7,4.55,Risque élevé,3.42,False,False,True,False
2024-07-01,2024,7,3,2024-07,Mousse écologique certifiée,nettoyant multi,biosourcé,IndustraNett,315.9,18.4,5812.56,8.2,True,0.49,154.79,621.3,94.1,278.5,54.5,8.12,Faible risque,2.266,True,True,True,True
2024-07-01,2024,7,3,2024-07,Désinfectant peroxyde EcoPur,désinfectant,peroxyde,IndustraNett,401.5,27.95,11221.92,6.9,True,0.45,180.68,779.0,89.0,627.6,3.2,9.63,Faible risque,2.902,True,True,True,True
2024-07-01,2024,7,3,2024-07,Désodorisant enzymatique,désodorisant,enzymatique,ChemPro,430.6,42.54,18317.72,8.0,True,0.52,223.91,633.7,75.4,94.8,75.4,6.52,Risque modéré,6.525,True,True,True,True
2024-07-01,2024,7,3,2024-07,Désinfectant quaternaire QAC-50,désinfectant,ammonium quaternaire,VerteChimie,210.5,20.1,4231.05,7.8,True,19.28,4058.44,177.6,48.4,28.5,66.4,5.12,Risque modéré,3.926,False,False,True,False
2024-07-01,2024,7,3,2024-07,Nettoyant inox alimentaire,nettoyant inox,acide,ProHygiène,62.6,21.19,1326.49,3.8,False,13.27,830.7,132.8,41.7,63.8,54.4,4.47,Risque élevé,4.74,False,False,True,False
2024-07-01,2024,7,3,2024-07,Nettoyant acide détartrant,détartrant,acide,IndustraNett,395.4,28.85,11407.29,2.3,False,8.03,3175.06,124.0,55.7,93.7,12.9,4.68,Risque élevé,6.165,False,False,True,False
2024-07-01,2024,7,3,2024-07,Mousse nettoyante toutes surfaces,nettoyant multi,tensioactif,ChemPro,333.0,21.43,7136.19,7.5,True,10.76,3583.08,372.7,59.2,73.0,21.3,5.92,Risque modéré,3.62,False,False,True,False
2024-07-01,2024,7,3,2024-07,Mousse écologique certifiée,nettoyant multi,biosourcé,EcoClean,98.2,11.4,1119.48,7.0,True,0.51,50.08,864.0,83.2,272.1,42.7,8.12,Faible risque,1.404,True,False,True,True
2024-08-01,2024,8,3,2024-08,Dégraissant alcalin HD,dégraissant,alcalin,ChemPro,167.4,40.58,6793.09,13.2,False,6.28,1051.27,379.1,23.4,60.8,60.1,3.08,Risque élevé,13.175,False,False,True,False
2024-08-01,2024,8,3,2024-08,Désodorisant industriel masquant,désodorisant,synthétique,EcoClean,92.7,40.95,3796.07,5.9,False,8.06,747.16,409.4,22.7,77.5,2.4,4.7,Risque élevé,8.713,False,False,True,False
2024-08-01,2024,8,3,2024-08,Mousse écologique certifiée,nettoyant multi,biosourcé,EcoClean,54.8,55.85,3060.58,7.1,True,0.34,18.63,844.3,94.7,487.9,21.8,9.73,Faible risque,5.74,True,True,True,False
2024-08-01,2024,8,3,2024-08,Mousse nettoyante toutes surfaces,nettoyant multi,tensioactif,IndustraNett,166.5,7.36,1225.44,7.6,True,7.64,1272.06,342.2,27.5,61.5,78.9,4.91,Risque élevé,1.499,False,False,True,False
2024-08-01,2024,8,3,2024-08,Nettoyant haute pression concentré,nettoyant HP,alcalin,ChemPro,167.3,5.46,913.46,12.7,False,5.03,841.52,431.6,26.2,80.5,64.8,3.45,Risque élevé,1.583,False,False,True,False
2024-08-01,2024,8,3,2024-08,Décapant sol enzymatique,décapant,enzymatique,VerteChimie,197.1,22.25,4385.47,7.7,True,0.72,141.91,906.0,95.3,296.1,71.9,8.41,Faible risque,2.646,True,False,True,True
2024-08-01,2024,8,3,2024-08,Décapant sol industriel,décapant,solvant,EcoClean,15.4,6.68,102.87,6.7,True,79.59,1225.69,282.0,49.8,6.9,62.4,4.38,Risque élevé,1.525,False,False,True,False
2024-08-01,2024,8,3,2024-08,Nettoyant haute pression concentré,nettoyant HP,alcalin,VerteChimie,125.6,3.35,420.76,11.6,False,9.26,1163.06,348.6,63.8,89.2,11.3,4.91,Risque élevé,0.682,False,False,True,False
2024-09-01,2024,9,3,2024-09,Mousse nettoyante toutes surfaces,nettoyant multi,tensioactif,VerteChimie,5.7,24.51,139.71,5.6,False,9.35,53.3,391.4,20.8,103.5,22.7,4.69,Risque élevé,5.226,False,False,True,False
2024-09-01,2024,9,3,2024-09,Nettoyant inox écologique,nettoyant inox,biosourcé,ProHygiène,218.5,17.11,3738.54,8.2,True,0.27,59.0,1057.6,96.1,458.5,72.4,9.26,Faible risque,1.848,True,True,True,False
2024-09-01,2024,9,3,2024-09,Nettoyant inox écologique,nettoyant inox,biosourcé,VerteChimie,185.0,18.03,3335.55,6.8,True,0.33,61.05,636.9,86.6,268.4,43.7,8.14,Faible risque,2.215,True,False,True,False
2024-09-01,2024,9,3,2024-09,Mousse écologique certifiée,nettoyant multi,biosourcé,IndustraNett,27.1,7.2,195.12,8.3,True,0.4,10.84,598.8,86.3,439.6,24.7,8.82,Faible risque,0.816,True,False,True,False
2024-09-01,2024,9,3,2024-09,Décapant sol enzymatique,décapant,enzymatique,ProHygiène,303.8,27.24,8275.51,8.4,True,0.7,212.66,718.2,85.8,704.6,74.2,9.13,Faible risque,2.984,True,False,True,False
2024-10-01,2024,10,4,2024-10,Mousse écologique certifiée,nettoyant multi,biosourcé,VerteChimie,74.5,36.11,2690.2,7.2,True,0.54,40.23,848.9,77.3,200.7,51.3,7.45,Risque modéré,4.847,True,True,True,False
2024-10-01,2024,10,4,2024-10,Mousse écologique certifiée,nettoyant multi,biosourcé,ProHygiène,436.0,23.58,10280.88,7.0,True,0.43,187.48,904.8,97.3,386.7,65.7,9.23,Faible risque,2.555,True,True,True,False
2024-11-01,2024,11,4,2024-11,Dégraissant solvant chloré,dégraissant,solvant,EcoClean,41.3,24.08,994.5,6.7,True,76.92,3176.8,257.9,39.8,8.0,42.6,4.12,Risque élevé,5.845,False,False,False,False
2024-11-01,2024,11,4,2024-11,Nettoyant inox alimentaire,nettoyant inox,acide,EcoClean,283.9,8.14,2310.95,1.7,False,7.62,2163.32,119.1,20.7,55.2,26.4,3.22,Risque élevé,2.528,False,False,True,False
2024-11-01,2024,11,4,2024-11,Antirouille process,traitement surface,acide,VerteChimie,195.0,29.6,5772.0,3.5,False,6.83,1331.85,115.9,53.0,58.9,61.8,4.78,Risque élevé,6.192,False,False,True,False
2024-11-01,2024,11,4,2024-11,Désodorisant industriel masquant,désodorisant,synthétique,ProHygiène,377.4,28.1,10604.94,7.5,True,6.31,2381.39,336.0,24.1,128.6,8.5,5.26,Risque modéré,5.342,False,False,True,False
2024-11-01,2024,11,4,2024-11,Dégraissant biosourcé CitraClean,dégraissant,biosourcé,IndustraNett,127.9,47.38,6059.9,8.3,True,0.57,72.9,936.4,83.3,121.5,29.0,6.82,Risque modéré,6.947,True,True,True,False
2024-11-01,2024,11,4,2024-11,Nettoyant inox alimentaire,nettoyant inox,acide,EcoClean,273.8,34.96,9572.05,2.0,False,10.69,2926.92,146.5,47.2,126.4,6.6,4.49,Risque élevé,7.786,False,False,True,False
2024-11-01,2024,11,4,2024-11,Désodorisant enzymatique,désodorisant,enzymatique,ChemPro,353.4,10.4,3675.36,7.3,True,0.52,183.77,782.0,91.2,477.0,75.0,9.5,Faible risque,1.095,True,False,True,True
2024-11-01,2024,11,4,2024-11,Décapant sol industriel,décapant,solvant,ChemPro,211.8,6.05,1281.39,5.8,False,150.9,31960.62,370.9,47.7,9.8,36.3,3.12,Risque élevé,1.939,False,False,True,False
2024-11-01,2024,11,4,2024-11,Décapant sol industriel,décapant,solvant,EcoClean,164.0,24.32,3988.48,8.7,False,79.86,13097.04,343.9,44.6,7.9,68.1,3.8,Risque élevé,6.4,False,False,True,False
2024-11-01,2024,11,4,2024-11,Dégraissant solvant chloré,dégraissant,solvant,VerteChimie,106.0,42.15,4467.9,6.2,False,135.41,14353.46,480.7,63.5,9.9,35.2,3.91,Risque élevé,10.78,False,False,False,False
2024-12-01,2024,12,4,2024-12,Mousse écologique certifiée,nettoyant multi,biosourcé,ChemPro,218.3,30.06,6562.1,7.1,True,0.48,104.78,1094.4,93.9,310.5,25.9,8.64,Faible risque,3.479,True,True,True,True
2024-12-01,2024,12,4,2024-12,Cire sol industrielle,entretien sol,solvant,IndustraNett,187.0,33.14,6197.18,5.9,False,173.66,32474.42,349.7,53.5,7.1,30.6,3.31,Risque élevé,10.012,False,False,False,False
2024-12-01,2024,12,4,2024-12,Désodorisant industriel masquant,désodorisant,synthétique,EcoClean,310.2,15.0,4653.0,7.7,True,7.42,2301.68,338.9,55.9,51.5,3.4,5.67,Risque modéré,2.646,False,False,True,False
2024-12-01,2024,12,4,2024-12,Nettoyant haute pression concentré,nettoyant HP,alcalin,IndustraNett,367.4,44.2,16239.08,12.3,False,9.18,3372.73,320.3,48.0,41.2,7.7,3.93,Risque élevé,11.247,False,False,True,False
2024-12-01,2024,12,4,2024-12,Mousse nettoyante toutes surfaces,nettoyant multi,tensioactif,ProHygiène,450.7,12.78,5759.95,9.1,False,3.06,1379.14,406.9,43.8,50.5,45.3,4.93,Risque élevé,2.592,False,False,True,False
